ID, NumberOfTotalCharactersMean, NumberOfTotalCharactersStd, NumberOfLowercaseCharactersMean,NumberOfLowercaseCharactersStd, NumberOfSpecialCharactersMean, NumberOfSpecialCharactersStd, NumberOfBlanksMean, NumberOfBlanksStd, NumberOfWordsMean, NumberOfWordsStd, LengthOfWordsMean,LengthOfWordsStd, PropositionsLengthMean, PropositionsLengthStd, NumberOfPunctuationCharactersMean, NumberOfPunctuationCharactersStd, NumberOfLowercaseWordsMean, NumberOfLowercaseWordsStd, NumberOfBigramsMean, NumberOfBigramsStd, NumberOfTrigramsMean, NumberOfTrigramsStd,HapaxTokenRatioMean, HapaxTokenRatioStd, FleschKincaidGradeLevelMean, FleschKincaidGradeLevelStd, FleschReadingEaseMean,FleschReadingEaseStd, DaleChallReadabilityMean, DaleChallReadabilityStd, AutomatedReadabilityIndexMean, AutomatedReadabilityIndexStd, ColemanLiauIndexMean, ColemanLiauIndexStd, GunningFogMean, GunningFogStd,LinsearWriteMean,LinsearWriteStd,Author,Class
13,84.3255814,13.13564462,63.46511628,12.42343778,5.558139535,1.660797309,11.51162791,2.722619233,12.51162791,2.722619233,7.543023256,1.474012929,5.926511628,1.400424992,2.813953488,1.385234662,10.04651163,3.430055179,16.51162791,2.748124883,15.51162791,2.748124883,0.828372093,0.058346608,9.760465116,4.449987695,45.9927907,34.00956755,11.01627907,1.972208092,12.76046512,3.952105093,13.78372093,4.921213229,11.64162791,4.170161968,6.994186047,1.72405044,AI,1
69,71.56363636,6.053589878,43.12727273,6.91258285,7.363636364,1.469243916,9.727272727,0.943003817,10.72727273,0.943003817,7.973818182,1.258159537,2.677272727,0.352499927,6.363636364,1.469243916,6.745454545,1.429789327,16.09090909,1.871049557,15.09090909,1.871049557,0.724181818,0.054228168,7.803636364,2.896516004,53.654,18.89681229,8.442727273,1.496339114,12.76363636,3.377215832,12.88054545,3.971881358,9.593636364,3.147334436,5.086363636,1.936619701,AI,1
20412275,109.3888889,13.92096297,84.5,13.02668202,5.277777778,1.145307118,15.88888889,2.354402233,16.88888889,2.354402233,7.729444444,1.0053439,8.296111111,1.375391415,3.222222222,1.181127313,12.66666667,2.494438258,20.61111111,2.60637869,19.61111111,2.60637869,0.820555556,0.084292627,11.47777778,2.180865158,41.19222222,17.9797777,9.751666667,1.741826149,13.65,2.48310961,13.68833333,3.599804393,13.51555556,3.374891311,11.19444444,2.381286352,AI,1
20640522,90.08,12.39812889,75.12,10.21496941,2.24,0.68,11.72,2.569357896,12.72,2.569357896,8.1978,0.765810133,12.72,2.569357896,2.24,0.68,11.72,2.569357896,13.94,2.59545757,12.94,2.59545757,0.9276,0.092467508,12.056,3.744391005,31.3238,28.04657918,12.7072,1.95250305,14.484,3.216355702,17.1402,4.339518632,14.879,5.274907487,8.86,2.473944219,AI,1
23808818,76.12,10.61063617,64.42,9.52699323,2,0.2,8.68,1.448309359,9.68,1.448309359,8.0726,0.774911117,9.68,1.448309359,2,0.2,8.68,1.448309359,10.64,1.452721584,9.64,1.452721584,0.9234,0.085102526,12.782,4.170740462,20.7032,30.40111277,13.9668,2.263588691,16.448,3.362751255,20.5196,4.21322345,16.632,6.516344681,7.08,1.929663183,AI,1
25184645,83.9,10.55319857,71.14,9.602103936,2.08,0.337045991,9.68,1.377534029,10.68,1.377534029,8.2584,0.774930603,10.68,1.377534029,2.08,0.337045991,9.68,1.377534029,11.72,1.442775104,10.72,1.442775104,0.8404,0.058308147,13.43,3.655967724,17.8266,26.36426313,14.2092,2.056376269,16.824,3.152812078,20.7708,3.978140189,18.3584,5.528327183,8.54,2.106751053,AI,1
26683817,82.02325581,8.439906238,56,7.332628578,4.23255814,0.521054802,12.34883721,1.507866519,13.34883721,1.507866519,7.052325581,0.865769821,4.642790698,0.733406596,2.23255814,0.521054802,9.488372093,1.452697459,16.58139535,1.573509751,15.58139535,1.573509751,0.735813953,0.062290862,5.169767442,2.290986878,71.23813953,16.92363261,7.798604651,1.168886533,6.976744186,2.171253759,8.57255814,2.523176379,5.539534884,2.25572136,3.273255814,1.154885922,AI,1
26967415,86.67272727,9.371241395,60.09090909,8.077517007,3.309090909,0.710255454,11.89090909,1.647838554,12.89090909,1.647838554,7.977090909,0.80215771,6.345454545,1.010437922,1.309090909,0.710255454,9.690909091,1.746401258,15.2,1.852762066,14.2,1.852762066,0.787272727,0.076359307,9.78,2.544255562,47.746,18.23217881,9.863636364,2.138137987,12.49818182,2.721997322,14.25818182,3.55209034,13.11909091,2.594237161,8.822727273,1.739038872,AI,1
27244453,77.54545455,12.35932783,60.12121212,10.91035346,2.404040404,1.153993434,8.757575758,1.583315209,9.757575758,1.583315209,8.515959596,0.86281887,9.297979798,1.846261842,2.404040404,1.153993434,5.484848485,1.653668321,10.91919192,2.355636986,9.919191919,2.355636986,0.934747475,0.086984771,14.50808081,4.021976919,7.825151515,29.47652555,15.49242424,2.105460957,16.85757576,4.829226906,20.84,5.66879746,18.2059596,5.357437937,7.313131313,2.16268382,AI,1
27762544,86.28,11.83560729,73.94,10.38346763,2,0.282842712,9.3,2.080865205,10.3,2.080865205,8.6132,0.905800066,10.3,2.080865205,2,0.282842712,9.3,2.080865205,11.26,2.105326578,10.26,2.105326578,0.9788,0.055736523,16.362,4.693224478,-3.9544,35.67641962,15.5568,2.157184684,19.782,5.035779582,24.4098,6.357231312,21.6254,6.488794406,8.79,2.064194758,AI,1
28298712,122.6176471,16.34735939,89.38235294,14.25402875,7.029411765,1.339123816,19.08823529,2.726424582,20.08823529,2.726424582,7.908235294,1.075905831,6.696176471,0.908881066,4.794117647,1.051033434,16.23529412,3.299365568,25.70588235,3.425934066,24.70588235,3.425934066,0.742941176,0.058184767,6.641176471,2.386496034,65.13294118,17.3586943,8.940588235,1.177020019,8.208823529,2.487896306,9.421470588,3.008662134,9.057352941,3.057777267,5.419117647,1.065364803,AI,1
29552151,138.0408163,20.4878851,109.2857143,17.47301126,5.020408163,1.151570284,18.81632653,2.708064068,19.81632653,2.708064068,8.097346939,0.985181586,7.958979592,1.331461135,3.020408163,1.151570284,16.28571429,2.523360248,23.7755102,2.901549946,22.7755102,2.901549946,0.795714286,0.073651136,12.06326531,2.834387518,33.47081633,17.32101023,10.1344898,1.561898454,13.9755102,3.031503339,15.37183673,3.618626232,13.68469388,3.682199931,10.43367347,4.158767328,AI,1
30089873,78.3,8.33126641,63.96,6.832159249,3.64,1.52,9.14,1.600124995,10.14,1.600124995,8.3035,1.055953006,6.6869,3.536108792,3.63,1.527448853,8.4,1.476482306,12.1,2.027313493,11.1,2.027313493,0.895,0.102102889,14.261,4.429783178,9.6188,33.31347803,14.7869,2.347707262,17.98,5.83228943,21.404,6.677972597,18.5368,5.802003426,7.515,1.515264003,AI,1
31040071,93.3,6.322183167,76.9,5.696490147,4.8,1.183215957,10.16,1.137717012,11.16,1.137717012,7.259,0.697487634,4.2928,0.715818524,4.78,1.171153278,10.82,1.177964346,15.52,1.757725803,14.52,1.757725803,0.7044,0.084241557,15.854,2.920630754,1.0672,21.71430239,16.7498,1.566406703,19.488,3.019976159,22.5996,3.768288184,20.355,4.982588183,9.38,1.963568181,AI,1
32289927,160.6111111,12.29335362,132.8148148,10.88334452,5.833333333,0.81080664,19.7962963,1.809231775,20.7962963,1.809231775,7.823518519,0.41158752,5.449074074,0.452307944,5.833333333,0.81080664,17.7962963,1.809231775,24.53703704,1.97871042,23.53703704,1.97871042,0.691296296,0.067441231,14.43333333,2.084599615,9.256481481,15.5914414,13.64611111,1.223040257,17.13518519,1.982530875,20.79351852,2.51160872,17.30592593,3.303379593,8.24537037,1.231803425,AI,1
32988810,115.28125,15.50047252,92,13.26178721,4.15625,0.711924109,13.40625,2.119247729,14.40625,2.119247729,8.32,0.477820573,5.0115625,0.446059899,2.15625,0.711924109,10.625,1.899835519,17.5,2.46221445,16.5,2.46221445,0.8734375,0.039734224,15.934375,3.384672194,-5.2140625,23.88841428,11.789375,1.410959198,15.98125,3.461524005,19.934375,4.030937343,11.9003125,3.745679582,5.2265625,1.256793065,AI,1
33411297,135.8148148,9.847116657,110.0740741,8.447773873,6.666666667,0.745355992,15.57407407,1.558748927,16.57407407,1.558748927,8.910185185,0.524271949,4.393518519,0.389687232,6.666666667,0.745355992,12.83333333,1.329856578,21,1.774302158,20,1.774302158,0.653518519,0.046274439,15.76296296,2.994828648,-4.112592593,22.25908572,15.68851852,0.822602932,19.03703704,2.679710895,22.87722222,3.189441154,22.31851852,3.478899575,6.865740741,0.926354068,AI,1
33894397,121.7592593,14.85726557,95.59259259,12.59117639,6.166666667,0.937885723,18,2.714842605,19,2.714842605,7.461666667,0.896961434,5,0.678710651,6.166666667,0.937885723,16.01851852,2.69079873,22.96296296,3.120796212,21.96296296,3.120796212,0.75962963,0.075079291,7.42037037,2.195819229,57.95388889,16.45709083,9.543888889,1.949767713,10.50185185,2.863337262,12.58462963,3.530927752,9.73537037,2.762817076,5.333333333,0.892354356,AI,1
34116023,101.74,7.246544004,80.76,6.833915422,5.96,1.799555501,13.02,1.448999655,14.02,1.448999655,7.7464,0.817950512,3.7716,0.369136072,5.96,1.799555501,11.06,1.42,17.86,2.039705861,16.86,2.039705861,0.6568,0.097845593,10.106,3.194896555,34.2428,23.49285696,13.2346,1.854685105,14.236,3.532011325,16.8486,4.029449595,12.5882,4.938949155,4.185,0.661078664,AI,1
36666899,131.7833333,8.2544769,104.4333333,7.340224035,5.833333333,0.734090518,19.51666667,2.093574827,20.51666667,2.093574827,6.605,0.680346725,5.379166667,0.523393707,5.833333333,0.734090518,17.93333333,2.128118627,24.33333333,2.241031509,23.33333333,2.241031509,0.717166667,0.074433229,6.038333333,2.263705787,69.18566667,17.42677101,11.9955,1.637007865,10.82666667,2.794510492,13.03633333,3.488982166,7.397833333,2.552155358,5.004166667,0.651107497,AI,1
37060280,141.884058,21.56455508,116.0434783,17.92612439,4.927536232,1.354743043,15.15942029,3.338936689,16.15942029,3.338936689,9.081884058,0.889740681,6.910289855,0.905746503,2.927536232,1.354743043,13.2173913,3.38311907,20.27536232,4.711638559,19.27536232,4.711638559,0.81115942,0.06832438,17.27246377,4.767489056,-6.922173913,33.66895929,14.7557971,2.180754028,22.33768116,4.897118391,26.21202899,5.840296444,19.72608696,5.350101236,10.45652174,3.245944103,AI,1
38254693,90.7375,7.84656573,77.5,7.153670387,2.3375,0.590418284,9.8875,1.96210187,10.8875,1.96210187,8.637,0.990566,10.79375,1.942443291,2.3375,0.590418284,9.9625,1.99024967,11.95,2.102974084,10.95,2.102974084,0.97525,0.062469493,15.9725,5.345955831,-0.183625,40.58342224,15.3735,2.377817855,19.92125,5.550623698,24.366375,7.160108806,20.153,6.989439963,9.015625,1.97813981,AI,1
38788028,108.38,9.560104602,90.66,9.27062026,3.94,0.369323706,10.26,1.091970696,11.26,1.091970696,9.3212,0.98001151,5.63,0.545985348,1.94,0.369323706,8.24,1.087382178,14.16,1.12,13.16,1.12,0.8048,0.078491783,21.11,4.798551865,-36.2342,35.58344767,15.3648,2.302381584,25.666,5.542259828,30.5844,6.919935595,22.9402,5.951342198,11.47,1.736116356,AI,1
40502358,103.6818182,15.0465531,85.36363636,13.61164426,3.386363636,0.531546162,9.613636364,2.327854153,10.61363636,2.327854153,11.82886364,1.243214704,5.318181818,1.163316717,1.386363636,0.531546162,7.772727273,2.304774061,12.93181818,2.310034703,11.93181818,2.310034703,0.839090909,0.055995868,21.10227273,5.995850407,-37.36340909,45.60618558,13.53136364,2.764034922,27.09545455,7.68469419,32.46613636,9.279811963,20.24772727,4.895349307,8.875,2.034154392,AI,1
40779066,93.41176471,4.818983989,72.21568627,5.702815698,3.62745098,0.88474621,11.64705882,1.355070788,12.64705882,1.355070788,7.145490196,0.758732983,4.422745098,0.782409748,3.62745098,0.88474621,9.509803922,1.319128486,15.25490196,1.619042773,14.25490196,1.619042773,0.810196078,0.068642015,8.854901961,3.446584767,40.61666667,24.60144222,13.58372549,2.200542679,11.9254902,3.846915909,14.29764706,4.384823018,10.17823529,4.484611031,2.664901961,1.396098728,AI,1
40812882,94.75,4.902413064,75.25,5.529205674,3,1,13.25,1.662655429,14.25,1.662655429,7.243076923,0.862769553,6.541923077,1.543159893,2.596153846,0.766099396,11.75,1.796096194,15.98076923,2.107590537,14.98076923,2.107590537,0.944807692,0.069517302,8.036538462,2.945271885,51.66192308,20.4983444,11.46576923,2.363857137,9.869230769,3.649633199,12.7075,4.255138918,10.47807692,4.543561395,4.656923077,2.174733882,AI,1
41950305,68.48,9.319313279,57.76,8.208678335,2.26,1.110135127,7.46,1.486068639,8.46,1.486068639,8.2744,1.058119388,8.41,1.605272563,2.26,1.110135127,7.46,1.486068639,9.5,1.824828759,8.5,1.824828759,0.8986,0.116995897,14.056,4.366516232,9.4206,32.44721433,14.7734,2.463732623,17.368,4.831788075,21.5112,5.663815195,17.9772,5.444358563,6.45,1.588238017,AI,1
43831327,93.88679245,6.53195448,77.03773585,6.219149563,2.490566038,0.742830932,11.60377358,1.187030903,12.60377358,1.187030903,7.647924528,0.770323036,6.509433962,1.465342275,2.41509434,0.711998576,10.32075472,1.161872024,13.8490566,1.365286982,12.8490566,1.365286982,0.879056604,0.10192976,9.618867925,2.673564267,37.92811321,19.17098693,13.20528302,1.688192741,12.83018868,2.832598974,16.6,3.30535586,11.41811321,4.073726705,3.891509434,1.104781027,AI,1
48213787,101.4285714,5.827450873,82.42857143,6.111214182,3.734693878,0.964164229,12.14285714,1.293626448,13.12244898,1.271872363,7.587142857,0.861304184,4.514897959,0.629305164,3.734693878,0.964164229,10.14285714,1.212183053,15.67346939,1.81138976,14.67346939,1.81138976,0.826122449,0.064643965,10.82244898,4.18594662,27.24653061,30.13668851,13.74428571,2.328098111,13.7244898,4.26363506,16.82938776,5.18531144,12.66489796,5.669511415,3.30244898,1.097447001,AI,1
49709134,82.94339623,8.120356657,68.20754717,7.511898714,2.245283019,0.510481104,10.47169811,1.222490091,11.47169811,1.222490091,7.303773585,0.898701845,5.735849057,0.611245045,2.245283019,0.510481104,9.452830189,1.206367348,12.67924528,1.450745871,11.67924528,1.450745871,0.861320755,0.066589073,9.409433962,3.333436334,41.41830189,24.73182006,13.34566038,2.121873958,12.43396226,3.575806725,15.71830189,4.25677916,11.95150943,4.778933487,4.603773585,2.078321371,AI,1
50357236,126.8717949,11.70399775,104.4871795,11.1697205,4.102564103,0.744031699,12.97435897,1.818525459,13.97435897,1.818525459,9.071282051,1.04159685,6.987179487,0.90926273,2.102564103,0.744031699,10.82051282,1.677479716,16.82051282,2.023855104,15.82051282,2.023855104,0.841025641,0.06054432,19.21794872,4.355124997,-17.76846154,33.24699512,16.05615385,1.704691288,24.47435897,4.646516089,28.21333333,6.144130546,21.46205128,4.921433072,12.62820513,1.753085005,AI,1
50901303,92.74509804,6.410295448,77.01960784,5.682757533,2.392156863,0.659126914,11.33333333,1.592465922,12.33333333,1.592465922,7.809019608,0.691781601,6.166666667,0.796232961,2.392156863,0.659126914,10.33333333,1.592465922,13.66666667,1.722591147,12.66666667,1.722591147,0.968431373,0.05845637,10.30588235,2.730898851,32.62019608,20.54932559,13.14901961,2.219896884,13.30784314,3.677480123,17.11627451,4.216505365,11.95745098,3.732254138,3.843137255,0.991335978,AI,1
53102055,79.62264151,9.964515183,63.8490566,8.378760719,3.169811321,0.375466957,9.490566038,1.879608967,10.49056604,1.879608967,7.610377358,0.802801609,3.497169811,0.626627323,2.075471698,0.264150943,7.433962264,1.78578701,12.64150943,2.065843878,11.64150943,2.065843878,0.851132075,0.061786619,11.03584906,3.898528718,32.50433962,28.41396763,13.12660377,2.210441724,15.24528302,4.02330785,18.48245283,4.829304769,14.80169811,5.34287702,6.226415094,1.830212993,AI,1
53114456,87.63461538,10.77573636,68.71153846,9.184720879,3.326923077,0.611465888,12.5,2.125848247,13.5,2.125848247,6.910384615,0.9408506,4.492115385,0.712609874,2.326923077,0.611465888,10.48076923,2.033284427,15.78846154,2.256073329,14.78846154,2.256073329,0.858846154,0.106872567,6.830769231,3.442301246,60.81326923,23.81800125,9.572692308,2.026231929,9.307692308,3.923491682,11.52788462,4.476776543,8.640576923,4.231618354,4.451923077,2.224135993,AI,1
54125633,75.65384615,8.619933552,58.07692308,7.498323284,2.980769231,0.635197868,11.76923077,1.539422777,12.76923077,1.539422777,6.472115385,0.928796443,4.723846154,0.940577061,2,0.620173673,10,1.506396618,14.75,1.7527451,13.75,1.7527451,0.854038462,0.094385861,4.717307692,2.644131467,75.35096154,20.20680181,8.687884615,2.130508549,6.261538462,2.93278247,8.016923077,3.41336093,5.192692308,2.05794718,3.394230769,1.224103041,AI,1
56321548,106.8222222,10.76266982,86.8,10.11181927,3.422222222,0.576922444,12.24444444,1.522506056,13.24444444,1.522506056,9.185555556,0.907968564,6.622222222,0.761253028,2.4,0.533333333,10.24444444,1.551423082,15.55555556,1.770819717,14.55555556,1.770819717,0.941111111,0.070434279,15.87333333,4.261528156,4.848,31.77451345,13.30577778,2.019310651,19.16222222,3.72208358,22.24511111,4.854160929,18.11266667,5.276137223,10.53333333,2.080064102,AI,1
56337417,81.98113208,5.268240786,63.64150943,5.230874741,3.094339623,0.591261872,12.16981132,1.476045828,13.16981132,1.476045828,6.759245283,0.977130665,4.528490566,0.843517783,2.094339623,0.591261872,10.24528302,1.565014442,15.26415094,1.591853594,14.26415094,1.591853594,0.846415094,0.086025322,5.537735849,3.310032002,68.8754717,23.06022923,8.834150943,2.064272391,7.660377358,3.32096483,9.797358491,3.833541223,6.986226415,3.63891142,3.674528302,1.8031582,AI,1
56554591,85.90384615,9.319664106,67.42307692,7.71199404,2.942307692,0.632864718,12.01923077,1.985431406,13.01923077,1.985431406,7.388846154,1.240763806,4.990384615,1.041683108,1.942307692,0.632864718,10.42307692,1.884615385,14.96153846,2.244322225,13.96153846,2.244322225,0.893846154,0.111926381,8.188461538,4.407408703,51.68769231,31.63177192,9.295192308,2.128493048,10.10192308,4.372883681,12.63096154,5.197632323,9.933461538,4.624752336,4.980769231,2.254187425,AI,1
58477691,84.05882353,8.07662268,65.60784314,7.132027821,3.176470588,1.115064095,11.78431373,1.95351594,12.78431373,1.95351594,7.471372549,1.196683357,5.222745098,1.446399286,2.176470588,1.115064095,10.33333333,2.025975114,14.88235294,2.04505198,13.88235294,2.04505198,0.910588235,0.079444438,8.417647059,2.904540454,52.75803922,20.85753214,9.147843137,2.11206461,10.89607843,3.54151628,12.91764706,4.379685542,10.57980392,3.703417336,5.759803922,2.313621633,AI,1
64174539,81.98148148,9.781862923,63.90740741,9.094704439,3.462962963,0.738190053,10.51851852,1.630050451,11.51851852,1.630050451,8.203703704,1.336358092,3.898148148,0.623761214,2.462962963,0.738190053,8.481481481,1.696846102,13.87037037,1.721823928,12.87037037,1.721823928,0.825555556,0.07955121,8.368518519,3.766559687,47.2,26.88515445,9.961481481,2.45115952,11.53333333,4.131764935,14.05981481,5.019925295,10.81555556,3.890329257,3.922777778,1.746328865,AI,1
66050763,77.03636364,8.555622577,61.32727273,7.696645185,2.872727273,0.853964987,9.218181818,1.435788147,10.2,1.432099539,8.478181818,1.166737629,4.675636364,0.872348478,1.872727273,0.853964987,8.054545455,1.457497005,11.98181818,1.773449736,10.98181818,1.773449736,0.950545455,0.072649049,11.02727273,3.833273206,31.95927273,27.69513924,11.888,2.635030033,14.80363636,4.748548626,18.04,5.649895574,13.03254545,4.641110454,5.718181818,1.881159305,AI,1
68993180,85.74545455,19.31764919,66.2,16.59068742,3.163636364,1.040343236,12.69090909,3.373009055,13.69090909,3.373009055,7.812909091,1.74516545,6.156181818,1.790530131,2.163636364,1.040343236,11.47272727,3.36751619,15.8,3.594945947,14.8,3.594945947,0.824,0.153120274,7.729090909,3.905039761,60.90327273,27.94333305,9.073090909,2.215773104,10.23090909,4.617235408,11.56272727,5.613677924,9.667454545,3.740516356,6.657636364,2.785652177,AI,1
69023395,79.01818182,7.506338919,41.96363636,6.458155201,5.963636364,1.190319077,9.763636364,1.413745976,10.76363636,1.413745976,7.160727273,0.860997,3.627636364,0.890980999,4.981818182,1.183076253,5.327272727,1.607420808,15.6,1.825077831,14.6,1.825077831,0.943272727,0.068544731,7.105454545,3.010008649,54.79981818,22.24096061,12.40090909,2.669596682,12.21454545,3.592538641,13.40727273,4.041332118,9.928727273,3.688939761,3.095454545,1.175015386,AI,1
73237856,72.67272727,4.576837119,36.49090909,5.821192403,6.072727273,0.683694388,8.454545455,1.276617431,9.454545455,1.276617431,7.249818182,0.878597003,2.825818182,0.488119549,5.054545455,0.698522644,3.872727273,1.176350991,14.47272727,1.570808078,13.47272727,1.570808078,0.941636364,0.069563931,7.898181818,3.442593679,48.42054545,24.26208148,12.83872727,2.738981267,13.85636364,4.342549048,14.66818182,4.870445225,11.70872727,4.97445184,3.231818182,1.521778972,AI,1
84482024,95.41935484,14.21896551,76,12.04828993,3.419354839,0.493453501,10.70967742,2.344431266,11.70967742,2.344431266,10.57451613,1.330163315,5.78483871,1.196146692,1.419354839,0.493453501,8.64516129,2.403604646,14.12903226,2.459241104,13.12903226,2.459241104,0.83516129,0.071926081,13.72258065,3.815732262,17.22935484,28.55643004,11.44451613,1.867273048,19.02258065,4.360801175,22.49774194,5.489605256,16.80451613,4.571869695,8.524193548,2.229164134,AI,1
88640630,108.7894737,12.42272513,87.73684211,10.849895,4,0.888523317,10.92105263,2.119850776,11.92105263,2.119850776,10.68,1.486208528,5.719210526,1.063173951,2,0.888523317,8.947368421,2.114453624,14.86842105,2.483323883,13.86842105,2.483323883,0.832631579,0.062140935,19.30263158,5.046910824,-23.38157895,37.95302058,13.37,2.315716327,23.72105263,6.098367249,28.15842105,7.720415699,20.13763158,4.113981574,9.335526316,2.20814604,AI,1
102034928,79.1,13.44953531,66.38,11.82521036,1.96,1.215894732,9.76,2.074222746,10.76,2.074222746,7.6864,0.816560494,10.76,2.074222746,1.96,1.215894732,9.76,2.074222746,11.38,2.296867432,10.38,2.296867432,0.9496,0.079873901,11.644,3.501323178,30.7752,26.13922763,13.3298,2.504238399,14.826,4.587496485,18.2278,5.330780915,14.0432,4.827483585,7.24,1.934528366,AI,1
102050811,80.06122449,13.44286195,65.81632653,11.28421956,2.081632653,0.665068193,10.7755102,2.476545538,11.7755102,2.476545538,8.244897959,1.182362081,11.51020408,2.665902987,1.244897959,0.590074788,10.40816327,2.406779263,12.85714286,2.672612419,11.85714286,2.672612419,0.95877551,0.074275622,11.3,3.62575819,34.58612245,26.48125851,11.44693878,1.851976555,12.54489796,3.616067388,15.17591837,4.669962163,15.46306122,4.646005616,8.132653061,2.449022108,AI,1
102589750,61.78181818,5.466229909,28.61818182,5.823122902,5.4,0.559220236,7.163636364,1.140392857,8.163636364,1.140392857,7.141272727,1.137940811,3.060909091,0.730305721,4.381818182,0.555662065,3.436363636,1.261509001,12.54545455,1.411874084,11.54545455,1.411874084,0.989818182,0.036406339,8.314545455,4.371120854,46.66109091,30.61007954,13.56672727,2.608457611,13.83454545,5.404012589,14.51545455,6.4809937,11.12927273,5.851713923,3.595454545,1.852204405,AI,1
104491100,64.61818182,6.999976387,30.78181818,6.643358704,5.236363636,0.465681763,7.2,1.033968524,8.2,1.033968524,7.619454545,1.145448571,3.008,0.497800252,4.2,0.443129368,3.381818182,0.924237457,12.30909091,1.233954873,11.30909091,1.233954873,0.985454545,0.041639936,9.250909091,4.039346154,39.51690909,28.10883464,13.504,2.110207745,14.99090909,4.638505744,16.07345455,5.683413897,11.78781818,5.582267278,3.559090909,1.816567465,AI,1
104960620,59.36363636,4.239912676,38.41818182,4.788968039,4.454545455,0.708857771,7.145454545,0.998511289,8.145454545,0.998511289,6.994363636,0.887705446,4.424363636,1.520365702,4.454545455,0.708857771,4.945454545,1.068868251,11.41818182,1.155082194,10.41818182,1.155082194,0.985818182,0.044992561,8.312727273,3.895407765,45.58690909,27.17211565,13.30254545,2.495698276,11.97454545,3.963341941,12.74363636,4.791926302,11.49127273,5.466858847,3.236363636,1.783394479,AI,1
120562410,135.6142857,12.54852622,111.9428571,11.38656566,5.242857143,0.571607115,14.07142857,2.12011744,15.07142857,2.12011744,9.398,0.969533909,5.357142857,0.706868634,3.228571429,0.564963427,13.07142857,2.663624966,20.24285714,2.289327501,19.24285714,2.289327501,0.761857143,0.070189394,15.45714286,4.386686723,-2.003,32.580132,13.653,2.341331337,21.03571429,5.048819826,25.73857143,6.05023076,17.10457143,5.135379993,5.719,1.211413755,AI,1
135805452,88.29508197,21.01626557,72.03278689,16.64870124,2.573770492,1.234198703,12.13114754,3.50865632,13.13114754,3.50865632,7.988360656,1.068461711,9.049180328,3.038961371,2.573770492,1.234198703,12.09836066,3.551517422,14.63934426,4.508763005,13.63934426,4.508763005,0.883114754,0.088457473,9.460655738,3.40309785,43.42918033,22.61819145,9.911311475,2.052208307,10.90819672,3.546103615,13.71786885,4.252094996,14.17770492,5.162762443,6.385245902,3.192772887,AI,1
208691905,88.2,12.5952372,75.5,11.1,2.02,0.547357287,9.64,1.884250514,10.64,1.884250514,8.427,0.895850992,10.64,1.884250514,2.02,0.547357287,9.62,1.89620674,11.46,1.992084336,10.46,1.992084336,0.9814,0.046690898,15.82,4.093360478,0.6076,30.56224917,15.6574,2.003739314,19.13,4.057055583,23.595,5.10162925,20.6628,6.197543397,9.04,2.246864482,AI,1
216305430,67.01775148,15.04489273,50.07692308,12.71396753,2.609467456,1.162085587,11.0887574,1.951586578,11.65680473,1.933961007,6.845680473,1.283108159,11.28106509,2.076779779,2.609467456,1.162085587,10.65680473,1.893768471,13.26627219,2.757472635,12.26627219,2.757472635,0.887928994,0.115496744,6.124260355,3.032301968,71.29023669,19.63915477,8.776686391,2.043370496,6.336686391,3.350538722,7.465502959,3.395711516,9.62408284,5.502501036,6.788461538,2.779095677,AI,1
219379279,115.22,13.90149632,94.9,12.12641744,3.1,0.830662386,15.18,2.06581703,16.18,2.06581703,7.9602,0.723349127,16.18,2.06581703,3.1,0.830662386,16.12,2.150720809,18.2,2.374868417,17.2,2.374868417,0.9004,0.076287876,14.418,2.493165859,20.5352,18.45388482,14.4656,1.244353905,15.944,2.48081922,17.2642,3.203365786,19.2478,4.010799566,13.35,2.198294794,AI,1
220450406,122.9736842,19.16889866,100.9473684,16.92078661,3.526315789,0.880694765,13.47368421,2.760023285,14.47368421,2.760023285,9.671842105,1.131903044,6.960526316,1.457725242,1.526315789,0.880694765,11.26315789,2.82548748,17,3.043543641,16,3.043543641,0.842105263,0.064242874,16.68684211,3.515841672,-0.262105263,25.02903936,14.35210526,1.932982639,21.57105263,4.244619374,24.92657895,5.280208965,20.81710526,5.267530585,11.76973684,3.366036625,AI,1
222290847,116.8648649,13.95390512,93.51351351,12.55393041,5.135135135,0.664227337,12.56756757,2.307924545,13.56756757,2.307924545,9.471351351,0.82747144,7.207297297,1.164554546,2.621621622,0.671881238,11.05405405,2.567425316,18.64864865,2.473822037,17.64864865,2.473822037,0.794864865,0.081692291,16.27567568,4.020582545,-3.523243243,27.01581449,12.78243243,2.00041537,20.41351351,4.300293023,23.67351351,5.089396086,18.06081081,4.432986534,8.067567568,4.113938342,AI,1
225281874,119.6290323,12.426862,90.88709677,10.01789502,4.983870968,1.211396628,15.51612903,2.763482699,16.51612903,2.763482699,7.880967742,1.169525282,6.326774194,1.684506987,2.306451613,0.890608883,10.61290323,2.953154894,20.25806452,3.252470445,19.25806452,3.252470445,0.791129032,0.085517492,9.882258065,3.34039423,43.90903226,26.70115696,11.20387097,1.431598875,14.35806452,4.113767145,16.59370968,5.004496441,12.50822581,3.887249431,6.87516129,2.912550563,AI,1
243006068,50.87437186,8.753996732,40.2361809,8.088672984,1.552763819,0.589676599,7.306532663,1.553568606,8.306532663,1.553568606,7.119849246,2.239427304,8.306532663,1.553568606,1.552763819,0.589676599,7.859296482,1.776536495,8.859296482,1.776536495,7.859296482,1.776536495,0.975879397,0.055102513,7.14321608,4.93077116,58.58286432,35.86183325,6.49959799,3.747028684,7.379396985,4.133747328,9.701909548,5.450639479,9.160954774,6.255795913,4.680904523,1.286746193,AI,1
243926487,68.60504202,9.133205175,55.26470588,8.283405383,1.277310924,0.492368137,10.22268908,1.599891644,11.22268908,1.599891644,7.314201681,1.407672849,11.08193277,1.676145427,1.277310924,0.492368137,10.44537815,1.870592765,11.49579832,1.939739,10.49579832,1.939739,0.96605042,0.066392245,8.805042017,3.939945159,51.66247899,29.3822048,9.639159664,2.02033406,8.579831933,3.580152568,10.95222689,4.736320115,10.70331933,4.831385346,6.477941176,1.339363155,AI,1
245812733,79.18604651,20.5779921,66.13953488,17.71030628,1.534883721,0.89828874,10.23255814,2.843492851,11.23255814,2.843492851,7.897674419,0.914523226,11.23255814,2.843492851,1.534883721,0.89828874,10.1627907,2.924875132,11.62790698,3.457538147,10.62790698,3.457538147,0.970465116,0.063975049,12.04186047,4.289697369,28.79255814,30.95539147,12.86581395,2.159692304,13.35116279,3.956588388,16.52906977,4.699598604,13.72186047,5.308656054,7.406976744,2.724257556,AI,1
246621170,57.73076923,13.26376699,46.13461538,11.0697593,1.865384615,0.855499093,8.730769231,2.202405893,9.730769231,2.202405893,7.404423077,1.177968286,9.730769231,2.202405893,1.865384615,0.855499093,9.269230769,2.434648803,10.59615385,2.551467266,9.596153846,2.551467266,0.955,0.08293881,6.586538462,1.958220233,65.17942308,14.80787166,7.952692308,2.06691159,7.296153846,2.877696831,9.260769231,3.324321126,9.940769231,3.993232663,5.346153846,1.517647666,AI,1
251518992,109.6756757,16.26313034,92.86486486,13.64444677,1.810810811,1.061305617,13.78378378,2.662402239,14.78378378,2.662402239,8.527297297,0.709204536,14.78378378,2.662402239,1.810810811,1.061305617,13.86486486,2.76231554,15.40540541,3.14048937,14.40540541,3.14048937,0.948108108,0.071161705,15.12162162,2.890350688,13.02567568,21.19718486,13.02351351,1.58206539,16.82432432,2.46909606,19.43297297,3.449569393,17.94324324,3.936000889,11.90540541,2.690920263,AI,1
253477677,140.7666667,10.90774445,119.5333333,9.604628514,2.116666667,1.198494426,17.36666667,1.861600267,18.36666667,1.861600267,8.810166667,0.582750638,18.36666667,1.861600267,2.116666667,1.198494426,17.51666667,1.927793788,19.38333333,2.000763743,18.38333333,2.000763743,0.903,0.060726161,17.50833333,2.293490184,2.21,17.4265664,14.1775,1.362646475,19.45,2.39572536,20.89233333,3.340890783,21.27916667,2.7915344,15.75,1.803930893,AI,1
255792707,168.1346154,11.80780193,138.0576923,12.28885277,5.326923077,0.825580305,18.32692308,1.311504624,19.32692308,1.311504624,9.116538462,0.720498985,6.441923077,0.437515004,3.326923077,0.825580305,15.03846154,1.505905535,22.61538462,1.402660195,21.61538462,1.402660195,0.844615385,0.066721624,16.02307692,2.886348197,-2.7975,20.80648696,13.50038462,1.332705406,19.97307692,3.164290866,24.51576923,4.014449549,19.08692308,3.472475031,8.008076923,1.33839749,AI,1
255912008,113.38,9.42738564,83.56,10.96386793,6.56,1.867190403,15.22,0.87840765,16.22,0.87840765,7.4352,0.811616264,7.7234,0.985159094,3.5,0.538516481,11.76,1.335065541,20.96,1.28,19.96,1.28,0.8502,0.050930934,8.798,2.198225648,45.212,14.63853681,12.2832,1.135409072,10.698,2.991219818,12.8628,3.987014442,11.9818,3.296941425,4.4472,1.278880823,AI,1
256051523,74.53703704,15.68759,60.96296296,13.06389279,1.722222222,0.80315735,10.83333333,2.678791878,11.83333333,2.678791878,7.760185185,1.117440015,11.83333333,2.678791878,1.722222222,0.80315735,11.33333333,2.893159237,12.53703704,3.107416236,11.53703704,3.107416236,0.93037037,0.089731347,8.757407407,2.939173596,53.35574074,22.59361468,9.347222222,1.866604579,10.12407407,2.920358627,12.2637037,3.712126423,11.71092593,4.397794173,7.25,2.176792578,AI,1
256741082,121.1590909,20.29100022,99.61363636,17.30635184,2.977272727,1.588146953,17.29545455,3.558469701,18.29545455,3.558469701,7.705909091,0.549716118,18.29545455,3.558469701,2.977272727,1.588146953,17.54545455,3.726163915,20.27272727,3.774096137,19.27272727,3.774096137,0.837272727,0.099415648,13.66818182,2.652337968,29.64045455,20.11684945,11.35090909,1.863052015,14.69090909,2.634803614,14.73386364,3.473963688,16.94568182,4.128329179,13.71590909,3.032771249,AI,1
270752804,102.4,12.22902657,72.25454545,10.99457417,6.363636364,1.241167139,15.05454545,2.638306494,16.05454545,2.638306494,7.447090909,1.134536626,3.473272727,0.783553803,5.363636364,1.241167139,11.45454545,2.668456699,20.4,2.945566777,19.4,2.945566777,0.731272727,0.088647505,6.872727273,3.049319122,61.08290909,21.85098589,8.651090909,1.922809188,10.73636364,3.830944039,12.074,4.229189735,8.311090909,3.44298743,4.712,2.400771391,AI,1
274577874,76.04545455,10.8814992,52.02272727,8.664159814,6,1.187051351,10.36363636,2.068056939,11.36363636,2.068056939,6.414090909,0.908095705,5.465909091,0.947178389,1.5,0.543557307,6.659090909,1.594638486,14.65909091,2.430330896,13.65909091,2.430330896,0.720681818,0.032849362,9.984090909,3.885049618,42.07477273,28.38940251,12.77363636,1.599877965,11.40909091,3.480191882,12.86363636,4.340843074,11.82522727,3.917736179,6.568181818,2.324134514,AI,1
281403145,137.4545455,28.08805517,103.3090909,23.78912871,7.636363636,1.517936834,20.52727273,4.942780025,21.52727273,4.942780025,7.807818182,0.979461245,4.660181818,1.118711094,6.636363636,1.517936834,17.30909091,4.939167126,26.78181818,5.836222032,25.78181818,5.836222032,0.729454545,0.099807418,8.321818182,2.785396392,56.73290909,16.37503873,9.285090909,1.892176114,12.36545455,3.618297851,13.264,4.079445417,9.756909091,3.163314644,7.183272727,3.748623046,AI,1
282427769,154.9090909,38.52898447,116.4,34.05108462,7.527272727,2.16462926,22,5.911468053,23,5.911468053,8.426181818,0.973534313,5.719454545,1.875730566,6.527272727,2.16462926,19.18181818,6.012383914,28.4,6.890309401,27.4,6.890309401,0.780545455,0.101002577,10.7,3.657321424,42.99945455,21.01773021,9.897272727,1.415221736,14.10727273,4.104182104,14.90109091,3.992524684,13.03309091,4.163580571,9.498545455,4.791121113,AI,1
283036840,75.21818182,13.6537586,55.29090909,10.66459346,4.909090909,2.226066464,12.76363636,3.08051729,13.76363636,3.08051729,6.316,0.911678971,5.697090909,3.151720842,4.309090909,1.746401258,11.45454545,2.890851915,16.63636364,3.579556277,15.63636364,3.579556277,0.811454545,0.131680304,5.156363636,3.109677776,75.35763636,21.37665277,8.265090909,1.841200076,6.729090909,4.261185184,6.913818182,4.212287865,6.319454545,3.56373268,4.968181818,2.622912393,AI,1
284320970,113.925,9.258475846,81.775,7.620654499,7.65,1.725543393,16.325,2.160873666,17.325,2.160873666,6.9355,0.672268362,5.3665,0.59983977,4.85,0.691013748,12.55,1.759971591,23.25,2.727178029,22.25,2.727178029,0.841,0.05932116,7.125,2.17678088,57.57525,15.64035741,11.05475,1.726119908,9.1975,2.853812143,10.79375,3.428885889,10.08825,2.382475485,4.1495,0.786720884,AI,1
287582301,67.12727273,7.931650168,48.61818182,7.469917632,4.054545455,1.929843911,10.83636364,1.923667297,11.83636364,1.923667297,7.227636364,1.417141763,5.752,2.998124505,3.818181818,1.878983372,9.036363636,2.088615343,13.89090909,2.476601243,12.89090909,2.476601243,0.858,0.112676528,5.707272727,3.093033495,69.21490909,21.86270589,9.737090909,2.534262434,6.781818182,3.840695529,7.637454545,4.643205875,7.240727273,3.468045221,4.489454545,1.991551627,AI,1
288923751,117.4545455,15.63192326,95.67272727,12.8771179,5.018181818,1.355002973,14.38181818,2.837994869,15.38181818,2.837994869,9.197272727,1.231573206,6.127272727,1.519119906,2.490909091,1.059549257,13.67272727,2.841603551,18.96363636,3.405683145,17.96363636,3.405683145,0.791090909,0.080558792,13.30545455,4.627640993,16.036,33.61743945,11.70745455,2.362637369,16.2,5.46356527,19.16654545,6.553154748,15.72254545,5.258049835,6.810727273,3.389371545,AI,1
289311242,93.87096774,8.801546548,73.12903226,7.614679946,3.612903226,1.429581923,12.22580645,1.826501634,13.22580645,1.826501634,8.625806452,1.049174097,6.516129032,0.808062906,2.193548387,1.280608596,10.70967742,2.231642652,15.74193548,2.723467215,14.74193548,2.723467215,0.878387097,0.114584714,10.77419355,3.501333179,29.38354839,25.86101482,11.30580645,1.641399431,11.28709677,3.583451385,14.31516129,4.491111559,12.48677419,3.552897397,3.892580645,0.642228819,AI,1
293359929,101.28,11.06714055,79.46,9.739014324,4.42,1.834011996,11.16,1.836954001,12.16,1.836954001,8.2842,0.880981475,12.12,2.006389793,3.42,1.834011996,9.42,1.767370929,15.44,1.877871135,14.44,1.877871135,0.9088,0.104549319,15.446,2.73957734,6.0014,21.20908079,15.12,1.597245128,20.038,3.782057112,22.9556,4.144951705,17.2376,3.625240163,9.34,1.853213425,AI,1
294078783,106.6909091,22.87028459,86.67272727,18.20395017,4.290909091,1.409999707,13.56363636,3.74050865,14.56363636,3.74050865,8.869090909,1.180236144,6.244,1.471832006,2.254545455,1.429789327,12.72727273,3.534014176,17.27272727,4.621902581,16.27272727,4.621902581,0.874181818,0.096440107,11.31090909,4.133880973,33.56909091,28.87068209,11.08454545,2.36560184,15.91272727,5.044026333,18.63290909,6.080861384,12.34709091,4.599150385,7.362181818,3.28015171,AI,1
303230515,106.8909091,11.25032966,86.36363636,9.169839171,4.272727273,1.420045396,13.52727273,2.197970514,14.52727273,2.197970514,8.684727273,1.078901553,7.530545455,3.043137387,2.636363636,1.339791522,12.54545455,2.326278197,17.29090909,2.832748279,16.29090909,2.832748279,0.875636364,0.091943928,11.84727273,3.637574344,30.70345455,26.24754369,12.18709091,2.152841397,15.96,4.513720497,18.51727273,5.467915825,13.316,4.581654167,7.854545455,2.976304492,AI,1
309461019,101.7272727,9.915010742,79.10909091,8.9699959,4.181818182,0.385694608,12.21818182,1.815998689,13.21818182,1.815998689,8.618909091,0.982930077,4.406,0.605413758,2.181818182,0.385694608,9.327272727,1.799540805,16.36363636,1.802661027,15.36363636,1.802661027,0.860727273,0.044470809,9.392727273,3.164683212,39.54018182,23.63663462,11.66454545,1.693326815,14.19636364,3.869835028,17.59,4.544787624,10.96490909,3.508882688,3.740909091,0.587683504,AI,1
310674897,104.3636364,8.851016657,84.98181818,7.131214124,3.709090909,1.383969617,13.90909091,2.69863755,14.90909091,2.69863755,8.485636364,1.337605409,9.393818182,3.775821399,2.836363636,1.449308755,13.30909091,2.865929818,16.96363636,3.092299153,15.96363636,3.092299153,0.900909091,0.101197785,12.35818182,5.28069179,26.21763636,37.31120714,11.29581818,3.042439028,14.49818182,6.300519197,17.094,7.414973941,14.46709091,5.941611864,8.228727273,3.472277248,AI,1
311262395,104.5111111,8.658001366,82.95555556,7.820075463,4.133333333,1.30979218,15.68888889,2.392787516,16.68888889,2.392787516,7.646666667,1.189268683,9.703777778,4.587837684,2.8,1.203698006,14.86666667,2.324746103,18.93333333,2.497999199,17.93333333,2.497999199,0.854,0.087645752,8.604444444,3.225589046,54.41244444,21.34391854,9.430666667,2.292314115,11.21333333,4.300780291,12.70644444,4.663163998,11.33533333,3.770898272,7.611111111,3.295432679,AI,1
313789678,82.62,11.27278138,70.64,10.23671822,1.82,0.384187454,9.16,1.460958589,10.16,1.460958589,8.2272,0.925680377,10.16,1.460958589,1.82,0.384187454,9.16,1.460958589,10.96,1.548676855,9.96,1.548676855,0.9878,0.041486865,15.84,4.048999877,-0.4294,29.64187534,15.36,1.613465835,17.984,3.944330615,22.4382,4.925544311,21.7146,6.78402571,8.88,2.277191252,AI,1
316120129,99.65116279,11.33605838,79.60465116,10.15951733,5.186046512,0.619670353,13.02325581,1.43848066,14.02325581,1.43848066,7.70627907,0.859799931,5.026976744,0.813501004,3.186046512,0.619670353,13.25581395,1.43207482,18.09302326,1.667946147,17.09302326,1.667946147,0.708837209,0.10574672,7.481395349,2.956841166,55.80906977,21.07708806,8.744651163,1.776886942,11.82790698,3.04228537,14.15465116,3.727264942,7.285813953,3.125532686,4.186046512,1.416363078,AI,1
317316490,101.2666667,16.18421728,78.6,13.29059818,6.4,0.489897949,14.53333333,3.480740662,15.53333333,3.480740662,6.980666667,0.722859753,5.743333333,1.217761152,4.4,0.489897949,14,3.141125064,20.93333333,3.295788558,19.93333333,3.295788558,0.814666667,0.070225035,7.773333333,2.685632555,56.22733333,20.38832688,8.598,1.774655647,10.3,3.757126562,11.506,4.275296169,10.21,3.287148714,5.266666667,1.566489352,AI,1
318548093,105.4375,13.10519339,87.125,11.88946487,1.8125,0.526634361,15.5,2,16.5,2,7.675,0.695044963,16.5,2,0.8125,0.526634361,16.125,2.027159343,17.3125,2.171369096,16.3125,2.171369096,0.913125,0.085492598,11.99375,2.693387447,38.4025,19.97515253,11.024375,1.805491515,12.70625,2.741912825,13.600625,3.584943285,14.8025,4.108656258,11.5,2.106537443,AI,1
318703449,135.4202899,15.43326522,112.5652174,14.21111859,5.028985507,1.049099193,15.57971014,1.844740248,16.57971014,1.844740248,9.321884058,0.982399127,5.695507246,0.788777326,2.971014493,1.076373602,14.91304348,2.110972922,20.39130435,2.001574679,19.39130435,2.001574679,0.810869565,0.080374831,13.51884058,3.40499528,14.08449275,24.70646964,12.54724638,1.739232618,17.2,3.114016931,21.00144928,3.552874026,14.20173913,3.272083038,6.060289855,1.628024473,AI,1
410165126,70.34545455,6.267428592,53.2,5.794668396,4.036363636,0.328281274,9.018181818,1.103562975,10.01818182,1.103562975,7.679818182,0.891328918,4.878909091,0.650721761,3.018181818,0.300962643,6.963636364,1.159367169,13.03636364,1.174945049,12.03636364,1.174945049,0.986363636,0.046762986,9.749090909,3.39319494,42.52963636,24.42667074,11.74327273,1.795198702,12.51272727,3.05608511,14.51436364,3.775741114,12.28109091,4.144042239,5.936363636,1.465681801,AI,1
412754103,121.8333333,8.115485883,96.36111111,7.46902038,4.916666667,1.361677887,17.80555556,1.075470038,18.80555556,1.075470038,7.052222222,0.587433737,7.185277778,1.676824854,3.722222222,1.260756191,16.88888889,1.307622477,21.77777778,1.435871998,20.77777778,1.435871998,0.861666667,0.100180393,9.522222222,2.152274135,48.67472222,12.34127728,10.50277778,1.058952866,10.83333333,2.405664611,12.31972222,2.346799814,11.96638889,3.129326474,8.0925,3.763618512,AI,1
581063737,80.4,7.00285656,62.84,5.977825692,3.48,0.49959984,9.56,1.298614646,10.56,1.298614646,8.4512,1.023618366,5.1932,0.625003808,2.48,0.49959984,7.6,1.385640646,13.04,1.660843159,12.04,1.660843159,0.9952,0.023515102,11.712,2.159133159,29.5528,15.32159457,12.8644,1.400223068,15.596,3.048209967,18.628,3.902110198,16.3544,2.720089822,7.63,1.765106229,AI,1
603047832,78.14583333,5.369627483,59.20833333,5.259746244,4.041666667,0.199826313,9.854166667,0.64516094,10.85416667,0.64516094,8.987083333,0.760219152,5.385416667,0.371365489,3.020833333,0.142826138,7.3125,0.938887862,13.875,0.59947894,12.875,0.59947894,0.95125,0.067934558,10.84791667,3.249935229,36.43854167,23.19714269,10.63479167,1.204858203,13.63333333,2.344882134,15.83208333,2.825020618,15.39604167,2.896831415,7.385416667,1.016732836,AI,1
634907775,96.97777778,31.95864612,76.71111111,26.91023946,4.333333333,1.632993162,13.66666667,4.830458915,14.66666667,4.830458915,7.427111111,1.230177263,9.670444444,6.905171639,1.711111111,1.3270221,12.66666667,4.779586221,17.26666667,5.118159391,16.26666667,5.118159391,0.769555556,0.105745093,9.5,5.101938629,47.07266667,31.12442331,11.14466667,2.233680172,13.24222222,6.096938718,14.404,6.504017698,12.01488889,5.933179632,7.707111111,5.033345087,AI,1
636764655,79.6,7.166589147,62.04,6.12196047,3.48,0.49959984,9.56,1.267438361,10.56,1.267438361,8.33,1.014928569,5.2,0.663324958,2.48,0.49959984,7.6,1.326649916,13.04,1.636581804,12.04,1.636581804,0.9952,0.023515102,11.812,2.071003621,28.856,14.63480782,12.698,1.338177866,15.224,3.013075505,18.1408,3.855545533,16.3544,2.680980537,7.68,1.74859944,AI,1
912328232,77.72,8.986745796,61.04,7.613041442,3.48,0.49959984,8.68,1.348183964,9.68,1.348183964,9.3544,1.276780576,4.7668,0.697405019,2.48,0.49959984,6.72,1.400571312,12.16,1.759090674,11.16,1.759090674,0.9948,0.025474693,13.644,2.529518531,14.1588,16.80738012,11.8628,1.622759428,17.192,3.493756717,20.5936,4.361185967,16.8548,3.226230147,7.19,1.968857537,AI,1
1132139449,75.52,9.011636921,58.96,7.856105906,3.52,0.574108004,8.52,1.268700122,9.52,1.268700122,9.1572,1.347790844,4.68,0.597996656,2.52,0.574108004,6.56,1.35882302,12.04,1.611955334,11.04,1.611955334,0.984,0.056071383,12.388,3.06076069,22.8012,20.89862049,11.9264,1.962889462,16.636,4.312575101,19.9344,5.227542505,17.166,4.244302534,7.08,1.911439248,AI,1
1141299306,68.72,9.522688696,52.24,8.208678335,3.52,0.574108004,8.44,1.298614646,9.44,1.298614646,8.03,1.230664861,4.6468,0.660307322,2.52,0.574108004,6.48,1.36,11.96,1.636581804,10.96,1.636581804,0.9888,0.038086218,8.68,3.187600979,49.2588,21.7002019,12.1304,1.701301807,13.424,3.81955809,15.9352,4.664244522,12.8756,4.384161566,5.95,1.734935157,AI,1
1603988323,79.5625,16.19401413,63.0625,12.78900284,4.9375,1.143937826,10.1875,2.855230945,11.1875,2.855230945,7.718125,1.136090989,4.760625,1.112988481,1.9375,0.966226552,9,2.669269563,13.75,3.400367627,12.75,3.400367627,0.7575,0.116806464,10.8625,4.086850101,28.89125,29.86471787,12.245,2.568031834,15.10625,6.895965193,17.318125,7.110667355,15.145,2.781155335,4.984375,1.572390572,AI,1
1604160445,97.48717949,20.5087496,74.1025641,16.00287614,4.948717949,1.839017546,13.58974359,4.41278997,14.58974359,4.41278997,8.406153846,1.365660572,6.295128205,1.292536508,2.948717949,1.839017546,10.66666667,3.989301933,18.07692308,5.417846177,17.07692308,5.417846177,0.762820513,0.099484536,7.735897436,3.551488469,56.31641026,24.3351441,9.326410256,1.835271918,11.92051282,4.523736797,14.13487179,5.515681083,8.600769231,3.418345967,5.155897436,1.572223182,AI,1
71762592,77.88888889,38.44894001,50.86111111,32.43296743,7.222222222,3.598696609,8.944444444,6.359352013,9.75,6.139014579,6.4075,3.40702002,7.620555556,4.900834931,2.888888889,2.14447323,6.722222222,5.550831325,13,8.175165646,12,8.175165646,0.894166667,0.118330399,14.16388889,10.24066385,7.544722222,78.56743736,27.63361111,18.83630466,30.23611111,25.36915398,25.67111111,15.3125852,14.37222222,11.9041795,5.002222222,3.395160863,Human,0
71978714,105.7272727,23.52210144,81.18181818,18.03944255,4.636363636,1.720080721,16,4.410730717,16.90909091,4.48136638,7.014545455,0.924419854,8.704545455,3.736822577,3.090909091,1.2398347,15,4.709757763,20.45454545,5.263314482,19.45454545,5.263314482,0.768181818,0.088401787,5.863636364,2.389854589,69.68181818,15.48283614,9.649090909,2.016425526,8.9,3.947150871,10.66363636,4.093265584,7.877272727,2.630714009,4.662727273,1.874276059,Human,0
72060994,96.52631579,36.90438345,72.15789474,28.11492048,4.631578947,2.659848162,14.73684211,6.405935613,15.68421053,6.374725023,7.174210526,2.398414643,8.526315789,3.917938785,2.789473684,1.962247567,13.31578947,5.767902397,18.89473684,8.019021707,17.89473684,8.019021707,0.872105263,0.100135642,6.547368421,3.912243726,65.56263158,27.7310745,10.56842105,2.833605223,9.252631579,5.143556871,10.40894737,4.811573651,9.257368421,3.997064505,5.183684211,2.664983876,Human,0
72196532,86.73333333,25.44396894,64.73333333,19.08390829,4.466666667,1.627540749,12,4.516635916,13,4.516635916,7.170666667,1.441334875,7.316,4.746587265,2.8,1.326649916,10.73333333,3.714236874,16.4,4.990657939,15.4,4.990657939,0.842,0.091811401,7.566666667,3.790455851,56.76933333,25.42764204,11.06266667,2.15329969,11.05333333,3.71247746,12.81933333,4.129433321,9.425333333,3.349956948,4.883333333,2.325343463,Human,0
72251507,82.11111111,30.79722611,59.55555556,23.46681397,4.259259259,2.187381194,12.18518519,5.395725586,13.11111111,5.452375176,6.824814815,1.105345163,9.71,5.77474771,2.296296296,1.535139391,10.51851852,4.724799587,16,6.224206033,15,6.224206033,0.848518519,0.138903209,7.333333333,3.811289273,61.95407407,26.17758997,10.91962963,2.5073957,10.27777778,4.673909723,10.83962963,4.724935807,10.21592593,4.037347185,6.296296296,4.127054504,Human,0
72266911,99.56521739,30.3326859,72.73913043,21.47033827,6.043478261,3.917388892,14.69565217,5.789306353,15.65217391,5.760500398,6.545217391,1.181126469,9.644782609,4.691155294,2.913043478,1.909086817,12.65217391,4.732943708,20,7.424987191,19,7.424987191,0.84173913,0.138490376,6.182608696,3.277678417,68.39347826,21.90012083,11.19478261,3.019147403,10.19565217,4.638729048,11.30391304,5.367414355,7.806521739,3.403813218,5.08173913,2.675051649,Human,0
72314098,52.65217391,26.43056316,38.47826087,20.64370536,2.695652174,2.509716468,9.869565217,5.186138279,10.73913043,5.252058738,5.851304348,2.170089768,9.391304348,4.641393442,2.086956522,1.639539794,8.826086957,5.313249836,11.04347826,6.490650539,10.04347826,6.490650539,0.917826087,0.150736064,3.426086957,2.600370775,87.28130435,18.44161299,7.714347826,2.322824042,4.852173913,6.897565391,4.895652174,6.656009267,5.169130435,3.206928522,4.586956522,2.611230652,Human,0
72704399,86.6119403,34.42749475,57.08208955,23.09036386,7.201492537,4.286006127,11.35820896,5.102535198,12.24626866,5.123018827,6.188358209,1.492302735,10.96067164,5.054338051,3.574626866,2.273720292,7.5,4.696378408,14.98507463,6.880629391,13.98507463,6.880629391,0.900522388,0.123072101,7.791791045,5.048822066,55.98604478,36.98174612,16.3338806,7.465181358,15.10223881,9.945789377,15.24283582,8.706349511,9.13738806,5.31446055,5.553507463,3.112409984,Human,0
73237856,105.8888889,43.40620653,60.66666667,26.98147513,12.66666667,9.556847458,13.44444444,5.438772556,13.33333333,5.395471352,6.183333333,1.186385735,8.265555556,6.107787581,6.222222222,4.871180048,9.333333333,5.96284794,21.55555556,10.66782401,20.55555556,10.66782401,0.723333333,0.257466287,6.7,4.666190452,58.94333333,35.56524521,13.63444444,3.629190639,13.25555556,6.490524908,13.41444444,5.370669545,10.04444444,7.110054088,3.587777778,1.214676709,Human,0
73689335,75.29090909,43.1518135,42.22727273,32.31398771,14.05454545,21.38429176,13.75454545,9.346060292,14.28181818,9.334327476,5.779545455,1.902413962,6.659,5.440100927,11.71818182,20.58071994,8.590909091,7.773258887,22.84545455,20.6605405,21.85454545,20.65070387,0.717363636,0.323766687,4.427272727,5.31871326,77.50672727,37.0286237,12.66427273,6.66660585,24.24090909,44.46879661,6.756545455,7.586665627,6.871818182,6.342337851,5.665181818,4.774307133,Human,0
74602378,48.40384615,37.11948463,32.65384615,25.85676865,4.538461538,3.231227074,6.403846154,6.382848458,7.115384615,6.209960505,7.337692308,3.040792923,4.785576923,4.154658374,2.211538462,2.133402289,4.846153846,4.900489047,9.615384615,8.421935293,8.615384615,8.421935293,0.871346154,0.159542963,4.825,4.366166907,70.0575,31.76936532,13.06480769,4.993150112,15.74807692,10.54934359,12.1275,8.895184928,6.858846154,7.810212164,2.325961538,2.858447171,Human,0
74687897,77.83809524,38.98158877,53.88571429,27.6330769,6.295238095,4.488978693,10.56190476,6.247168973,11.37142857,6.296268196,6.451904762,2.039718979,8.504,4.808854056,3.323809524,2.546688749,8.723809524,5.507562313,14.8,8.313385649,13.8,8.313385649,0.857714286,0.15106137,7.193333333,5.624779643,57.68,41.96554603,14.13819048,9.37443624,14.12380952,13.26100997,13.59847619,11.22110051,7.963809524,6.117548899,4.200190476,2.90461209,Human,0
74707817,84.08333333,33.6797623,59.51388889,24.48468515,6.263888889,3.975595887,12.56944444,6.011161814,13.54166667,6.022959544,6.903333333,1.624218616,8.570416667,5.446706558,4.583333333,2.476276326,10.77777778,5.590722032,16.95833333,7.140334376,15.95833333,7.140334376,0.836388889,0.12742433,5.634722222,4.057679952,70.8275,28.49361131,10.68347222,5.207740809,10.45555556,9.642151225,10.37375,8.982801536,7.443472222,4.2433815,4.642361111,2.667301744,Human,0
74785094,89.475,33.17528259,62.9,24.81310138,7.125,3.536859483,13,6.078651166,13.75,6.118619125,7.07775,2.293606862,9.174,5.275170045,4.75,2.556853535,10.8,6.213694553,17.5,7.032069397,16.5,7.032069397,0.84025,0.163790835,5.695,4.72016684,71.139,31.74850593,11.395,6.197970232,11.9125,9.301994074,11.8825,10.05871059,7.38975,4.975656986,5.09175,3.261441313,Human,0
75506408,70,29.94661917,44.2,23.45548976,7.4,3.826225294,10.6,3.878143886,11.2,4.354308211,5.344,0.813181407,8.566,5.793049629,5.6,3.261901286,8.2,4.4,15.2,6.013318551,14.2,6.013318551,0.83,0.208230641,5.66,2.555464733,65.386,16.21145348,11.2,1.970705457,6.9,3.477355317,5.966,4.395891718,6.534,2.835944992,2.8,1.155422001,Human,0
75528474,85.3,34.86158344,56.98,28.69807659,9.96,16.82731113,12.1,5.485435261,12.88,5.457618528,6.4348,1.758458689,7.7126,3.978512692,7.46,16.83711377,9.6,5.678027827,19.14,15.78734937,18.14,15.78734937,0.7918,0.232324687,5.628,5.389361372,69.6902,35.53755768,13.238,5.905439526,17.508,30.78066172,11.85,8.757742632,7.7118,4.964774593,5.0182,2.846001188,Human,0
75941893,101.4222222,32.63569204,62.86666667,28.97937964,16.84444444,25.45405932,13.93333333,7.307226256,14.73333333,7.325450308,7.432666667,2.12575989,7.902888889,5.999928749,12.4,25.40113733,9.422222222,6.80355753,25.62222222,23.49684507,24.62222222,23.49684507,0.743777778,0.279406426,9.426666667,6.474785282,42.09644444,49.87951863,16.95111111,8.805108422,35.45111111,57.79805695,18.51688889,13.21616818,11.18266667,7.591844572,5.879555556,3.854632397,Human,0
76128745,99.18918919,39.49124969,68.81081081,29.17592291,7.405405405,4.056755856,13.64864865,6.278303335,14.16216216,6.474538546,6.395405405,1.827622284,9.384864865,5.358319433,3.864864865,2.451278345,10.05405405,6.298631108,18,7.87057469,17,7.87057469,0.843513514,0.116484919,7.656756757,3.742779755,58.1027027,25.13241233,13.71945946,4.653894589,14.30540541,7.250161077,14.3827027,6.989519432,8.181081081,4.585765157,5.837837838,3.781765736,Human,0
76197665,83.31707317,38.73388825,62.04878049,28.04608683,3.682926829,4.447191629,12.87804878,6.977997204,13.6097561,6.846320175,6.801463415,1.472829633,10.63219512,5.26827806,1.731707317,3.084377553,11.36585366,5.954117647,15.31707317,8.721822992,14.31707317,8.721822992,0.896829268,0.121543709,6.275609756,3.140046643,70.01853659,20.28781054,11.14780488,2.977133596,9.626829268,4.232973031,10.75902439,4.843503471,8.030243902,4.231561142,5.804878049,3.562812757,Human,0
77441233,61.67692308,33.38129725,43.86153846,24.27241354,4.015384615,2.887598458,9.069230769,5.691002969,9.776923077,5.638146701,6.010692308,1.246571414,5.321769231,3.39733277,2.692307692,2.151372206,6.738461538,4.843002638,12.20769231,7.411733062,11.21538462,7.399568195,0.844384615,0.153412485,6.02,5.032928495,64.12361538,36.18269469,14.71584615,5.596588767,9.076923077,7.006288807,8.744692308,6.980491187,8.250769231,6.715742082,3.375538462,2.442360479,Human,0
77558505,117.025,31.78324047,80.3,24.05847044,9.375,5.218656436,15.975,5.88424804,16.55,5.783381364,6.697,2.263712879,12.35825,6.154374415,4.4,2.23383079,11.775,5.828754155,22.65,6.919356907,21.65,6.919356907,0.76325,0.137575207,9.2925,6.212543259,51.69225,45.44598538,14.204,6.403075745,17.26,12.51420793,16.765,13.17545217,10.817,5.261409127,8.02925,4.592574652,Human,0
77954126,58,41.03923949,36.93150685,28.53276356,5.726027397,5.271427958,7.739726027,6.326780214,8.424657534,6.23274123,5.759041096,1.746977166,6.613013699,5.115956956,3.150684932,2.32126107,5.739726027,5.236927357,11.15068493,8.3316055,10.15068493,8.3316055,0.865068493,0.166413607,5.164383562,6.182107852,69.09917808,44.05969804,15.76876712,8.324034675,12.24246575,13.27356955,10.67054795,12.15200371,5.648630137,5.412279371,3.084383562,2.857112723,Human,0
78271006,65,33.55698778,43.35714286,23.27508522,6.339285714,3.078014119,7.928571429,6.444424896,8.642857143,6.266203486,8.240535714,3.32294911,5.753035714,4.447358734,3.339285714,2.473262635,6.392857143,4.95579953,12.08928571,7.602341711,11.08928571,7.602341711,0.840535714,0.177577143,11.03214286,10.97430615,27.83089286,82.83168994,20.95678571,15.42595564,27.29642857,24.72216302,24.33107143,21.66762914,13.49517857,12.61475327,3.553392857,2.575769841,Human,0
78740551,88.07894737,35.59892191,60.13157895,26.31206553,6.210526316,2.535618836,15.10526316,10.68148786,14.44736842,6.471383845,6.234473684,1.242126143,8.192368421,5.614556473,4.210526316,1.948790377,10.71052632,6.069370447,18.36842105,6.956333928,17.36842105,6.956333928,0.733684211,0.144885092,5.784210526,4.82981564,70.62342105,33.42558327,10.45631579,4.727898399,9.715789474,8.251013536,9.463421053,8.090923855,7.391052632,4.170784849,5.073421053,3.573426246,Human,0
78967328,84.72380952,42.09275364,60.40952381,33.33800784,5.6,3.02245564,12.63809524,7.537997473,13.48571429,7.499986395,6.23447619,1.666576749,9.742571429,6.529508992,3.39047619,2.021292552,11.08571429,6.996753377,16.75238095,8.500734929,15.75238095,8.500734929,0.848190476,0.135244265,6.99047619,4.618586133,64.08952381,32.44705819,13.08209524,8.399516391,12.98095238,13.84780605,11.28057143,9.010429177,8.671333333,5.403558628,5.96352381,4.469290341,Human,0
78989741,95.06666667,37.00984854,69.66666667,27.20396213,5.216666667,2.910278719,15,7.277820186,15.8,7.077664398,6.547,1.632347287,12.775,6.641774738,3.083333333,2.010735078,13.25,6.425534997,18.68333333,8.100394366,17.68333333,8.100394366,0.865666667,0.116008141,6.851666667,3.26396955,70.5575,19.0383594,10.84233333,3.038780658,10.99833333,4.251999203,10.42116667,4.716639019,8.799,3.99045223,7.4445,4.306785509,Human,0
79057935,51,34.08393002,38.20408163,26.29811787,2.367346939,3.179615415,7.755102041,6.759817086,8.693877551,6.755811049,5.669591837,1.937478857,7.819591837,6.41518128,1.428571429,2.166535841,7.979591837,6.572949501,9.306122449,7.434624132,8.326530612,7.410383656,0.941428571,0.127086665,6.387755102,9.346583631,63.51244898,68.52252782,12.96795918,10.64787494,10.94285714,16.84641305,9.835918367,14.04854701,7.011836735,7.75197899,3.79755102,3.682094308,Human,0
79168933,81.04878049,34.73098793,55.85365854,29.09158036,5.975609756,3.040280835,11.63414634,7.347659649,12.58536585,7.348388274,6.624878049,1.607913543,10.26829268,6.752684706,3.414634146,1.975158033,10.26829268,7.043503806,15.7804878,8.086460214,14.7804878,8.086460214,0.827560976,0.163897358,8.529268293,4.818371545,54.0302439,39.09608816,16.12512195,10.49257487,16.9804878,13.13331678,15.61804878,11.49562488,9.172195122,6.033878546,6.203170732,4.118981901,Human,0
79328703,75.01869159,41.63346545,51.10280374,30.79505197,6.028037383,3.070687292,11.00934579,7.403579997,11.89719626,7.380112933,6.172616822,1.859755454,9.802897196,6.671419724,3.691588785,2.581064096,9.869158879,7.144809386,14.5046729,8.689206788,13.5046729,8.689206788,0.849719626,0.185020625,6.136448598,5.945270523,65.35261682,43.7158612,12.60663551,7.287395205,11.78598131,10.91365815,10.09654206,9.704388843,8.652429907,7.610732442,4.108971963,3.077263906,Human,0
79894962,83.5,32.69327148,56.18,22.16906854,7.04,3.322408765,11.52,5.123436347,12.5,5.119570294,6.2396,1.811725101,11.3934,5.321674026,4.42,2.209886875,9.88,3.952922969,14.96,5.963086449,13.96,5.963086449,0.9114,0.132302834,6.588,6.474708951,60.1808,47.82444362,14.1036,9.01543693,12.01,12.44572617,12.027,9.232844253,8.8114,7.04458317,3.52,1.221515452,Human,0
80119212,95.4765625,34.26960316,64.96875,23.92989027,7.6953125,4.00694435,13.0546875,5.154349792,13.9140625,5.163010483,6.33015625,1.322469272,10.85195313,5.752119047,4.34375,2.063210105,10.171875,4.551973087,17.4453125,6.54767205,16.4453125,6.54767205,0.869140625,0.140290031,6.8703125,3.690917048,61.78257813,24.62733016,12.99164063,4.762469288,11.74140625,7.293774393,12.18257813,7.389308603,8.6253125,4.23117484,5.01234375,3.155971147,Human,0
80477690,109.8139535,38.06802712,74.23255814,27.53926348,8.023255814,4.867970171,16,6.799452782,16.76744186,6.747392983,6.498139535,1.255531493,11.46883721,6.685474435,3.651162791,2.089661383,11.72093023,6.199495784,21.46511628,8.102106637,20.46511628,8.102106637,0.801395349,0.123581842,7.279069767,3.570718001,65.59837209,20.63437332,13.23186047,4.177560908,13,5.647061389,12.09418605,5.932680963,8.834883721,4.011087176,7.26744186,4.45996407,Human,0
80546103,80.23076923,37.41551957,57.38461538,26.87064492,5.538461538,3.908217207,12.33333333,6.657686259,13.12820513,6.614589497,6.486410256,1.28127438,8.063846154,4.353117136,3.435897436,2.181447083,10.76923077,6.434926886,15.97435897,8.119262249,14.97435897,8.119262249,0.916410256,0.096329754,5.105128205,2.746368112,74.34333333,17.36124114,10.72897436,3.734204199,8.984615385,4.86286496,9.36025641,4.87333587,6.818205128,3.026718517,4.555128205,2.73440086,Human,0
80976396,78.04444444,37.97247866,55.55555556,26.7154184,5.488888889,3.630869025,10.91111111,6.214042242,11.77777778,6.253492851,6.703555556,1.695876248,8.414888889,5.121242741,2.577777778,1.937798165,9.244444444,5.76254402,14.71111111,7.858815919,13.71111111,7.858815919,0.859777778,0.137444759,6.442222222,4.431929045,64.09711111,31.65228864,12.24622222,6.234097739,12.46,9.976893304,12.94955556,9.256964455,7.628,5.944404502,4.453555556,2.982982218,Human,0
80988429,76.11904762,41.38737004,53.11904762,28.28023235,4.285714286,4.311036304,12.23809524,7.360801987,13.0952381,7.357566639,5.640238095,0.920694583,9.115238095,6.037679402,2.571428571,2.610809555,9.952380952,6.465853094,15.38095238,9.474156278,14.38095238,9.474156278,0.903333333,0.119874273,4.476190476,3.48136601,78.75428571,21.90705835,11.79809524,2.950863665,6.447619048,5.558701377,6.95452381,5.859168315,6.542619048,3.523957502,4.267857143,2.83451057,Human,0
81186711,62.27007299,37.43656506,41.79562044,27.15517417,5.489051095,6.555898652,8.598540146,6.453041895,9.218978102,6.251090799,6.141240876,2.178710342,7.325474453,5.21656905,3.102189781,5.53460866,6.678832117,5.561775575,12.18978102,9.054202433,11.18978102,9.054202433,0.830218978,0.187143207,6.513868613,7.30848105,61.23014599,52.8630497,16.09715328,11.03104855,16.0810219,18.79157884,13.02065693,12.58233133,7.894963504,6.862400266,3.75729927,3.02034138,Human,0
81393070,79.175,34.52816785,52.2,26.8869857,7.35,7.568190008,10.875,5.975732173,11.425,5.978659967,6.768,1.658793537,7.74225,5.22973732,4.375,7.013157278,7.725,5.417506345,16,8.33066624,15,8.33066624,0.792,0.214594967,6.8075,4.51045383,61.62175,31.20882887,14.4575,5.596424193,19.6925,22.75320184,14.9415,9.824495292,8.90475,5.24376677,4.89175,3.261192947,Human,0
81437114,88.38028169,37.60332852,60.42253521,25.72424842,6.38028169,4.348761187,11.91549296,6.326217478,12.81690141,6.32079033,6.70028169,1.871430854,9.288873239,4.947225015,2.830985915,2.567324005,9.309859155,5.643372155,16.43661972,8.036417803,15.43661972,8.036417803,0.849014085,0.111647773,7.647887324,4.990606928,58.00253521,36.53895697,14.33408451,8.419199149,14.86478873,12.45626827,15.12704225,10.73372314,9.33915493,4.741616396,5.474084507,3.365552328,Human,0
81959485,99.91666667,43.02392207,64.98148148,30.12350549,10.08333333,12.35892615,14.23148148,7.996071352,14.31481481,7.195224945,5.905555556,1.508540706,12.5787037,7.154587119,6.62037037,12.14398006,9.944444444,5.75073801,19.24074074,13.64691687,18.24074074,13.64691687,0.818055556,0.184984776,9.17037037,6.731425187,50.97796296,49.55670967,16.86,9.930435446,20.69444444,30.4710179,15.42407407,10.65376651,9.011851852,5.714147509,7.3425,4.708058129,Human,0
82017721,125.1,29.88461142,82.15,22.39815841,11.575,2.888663186,17.475,5.805116278,17.275,5.319715688,6.07875,2.016111589,16.4875,5.439999426,7.65,3.102821297,11.7,4.517742799,21.5,6.168468205,20.5,6.168468205,0.837,0.07740155,12.8625,7.291148315,30.10575,58.95823882,21.5615,13.3518217,22.5,18.82208809,19.07675,12.24661573,13.088,6.717950655,10.4375,4.438732223,Human,0
82523340,113.6486486,42.03551665,74.94594595,28.41673084,10.2972973,4.471319201,15.43243243,6.760539482,15.40540541,6.309407217,6.214594595,1.83993918,13.78837838,6.383724878,6.405405405,3.529485526,9.918918919,4.834439392,19.64864865,8.118101949,18.67567568,8.054054054,0.81027027,0.12684288,12.3027027,9.705403524,29.99135135,73.87144228,20.19702703,12.51796846,20.98648649,17.73011124,18.10864865,12.11216814,12.79594595,7.958270714,8.524864865,4.982261845,Human,0
82715141,60.66,39.64371829,40.02,26.43519624,5.5,4.729693436,7.64,6.27617718,8.42,6.216397671,5.5456,3.074850995,5.9666,4.413656357,2.92,3.103804118,5.66,4.541409473,11.06,8.663509681,10.06,8.663509681,0.8736,0.150036795,10.376,9.808212069,32.6682,74.10020015,22.3262,21.72684504,25.156,29.0248732,20.0126,18.41202073,8.7734,8.908635723,3.621,3.003502123,Human,0
82841878,80.42372881,42.57404453,52.89830508,29.5047798,8.288135593,3.640873649,7.813559322,6.434743028,8.423728814,5.912363919,5.983050847,4.20109076,7.754237288,5.47983428,2.898305085,1.910673989,5.627118644,4.206122676,12.01694915,8.099992729,11.01694915,8.099992729,0.877627119,0.124605669,17.16949153,8.580985172,-14.14152542,68.06510086,33.13305085,22.57177165,42.30338983,27.32066311,34.51661017,14.12779033,15.34508475,11.49407797,5.63559322,4.156708391,Human,0
82861813,73.27642276,35.60791472,49.12195122,25.16436549,6.504065041,4.692796735,8.333333333,5.277143023,9.227642276,5.180973648,7.94203252,3.20450571,8.471544715,5.170606423,2.837398374,2.691069192,6.674796748,4.431036024,11.80487805,6.298352522,10.82113821,6.269078225,0.862845528,0.141677065,10.2902439,7.357739298,35.91186992,53.20492494,17.14292683,6.585702268,20.50081301,16.47437772,20.26479675,16.4162916,11.32252033,7.9880971,5.152439024,3.485981529,Human,0
82869657,76.2,33.19879516,51.1,22.53974268,6.1,4.831148932,10.8,5.541660401,11.35,5.160184105,6.83825,2.301861081,10.9875,5.248199096,3.45,2.923610781,9.025,5.307953937,14.475,8.54689271,13.475,8.54689271,0.878,0.177654158,6.97,3.80435277,60.442,28.89601696,12.474,4.606575084,12.515,10.81551085,12.97625,11.36396579,8.757,5.271221016,4.60625,2.414078176,Human,0
83159701,69.71428571,35.17533343,48.92857143,26.06191607,5.528571429,4.318470062,9.635714286,6.237227766,10.57142857,6.209604148,6.216785714,2.048740124,8.2,5.468845791,2.978571429,2.687186147,8.842857143,5.982440291,13.18571429,8.42071062,12.18571429,8.42071062,0.891285714,0.149450627,6.601428571,5.899551868,62.97,43.33726384,14.59364286,7.792679001,13.57357143,11.98629939,13.10828571,11.31034431,7.203214286,5.032312344,4.376785714,3.133938478,Human,0
83285256,63.325,32.76460552,41.85,26.08788033,2.525,3.193646035,10.675,6.141610131,11.375,6.199546354,5.9005,1.541121264,9.35425,4.748208024,1.75,2.790609252,8.375,5.730128707,12.425,7.265973782,11.425,7.265973782,0.879,0.159574434,4.545,3.216360521,79.778,21.69331017,8.94025,2.726401921,6.1475,5.865704881,6.96875,5.664101953,6.13325,3.625348526,4.48325,2.656325834,Human,0
83296294,69.24475524,44.10337773,48.41258741,30.33388298,4.601398601,5.15377499,9.685314685,6.917515602,10.55944056,6.812804047,6.259370629,1.590696824,8.757552448,5.744636321,2.265734266,2.788465375,7.916083916,5.6673479,12.60839161,9.049232062,11.62237762,9.030487752,0.898531469,0.129252602,6.502797203,5.214865037,63.90090909,37.52176668,13.48643357,7.304152608,11.52167832,10.76666144,11.46902098,9.671221552,7.747342657,6.049696051,4.608391608,3.605069013,Human,0
83377628,78.53846154,50.07473704,52.07692308,34.34320342,6.923076923,5.476685388,10.13461538,7.353776754,10.86538462,7.192487657,5.173461538,2.184001166,9.041538462,6.621291527,2.788461538,2.589450034,7.365384615,4.94985954,14.28846154,10.56543082,13.34615385,10.48971037,0.874423077,0.155556241,9.536538462,8.985608769,43.59576923,66.18169258,21.48596154,17.02809243,21.18076923,23.40482395,16.76557692,15.55397926,9.019615385,8.638287972,5.689038462,4.933423394,Human,0
83390456,81.45454545,39.39453962,55.59090909,30.73960887,6.068181818,3.200836022,11.54545455,7.732618472,12.31818182,7.680473255,6.071363636,1.644320239,9.485,6.34430292,2.954545455,1.770394736,9.590909091,6.69571838,15.36363636,8.862820475,14.36363636,8.862820475,0.869318182,0.138258614,7.202272727,4.331517089,60.08681818,33.77744479,16.14272727,9.391546577,15.41363636,10.96704963,14.71340909,9.286861918,6.853636364,4.021826299,4.808636364,3.418516153,Human,0
83479877,78.76119403,35.90372265,54.70149254,26.35634956,5.402985075,3.472964674,11.59701493,6.469353013,12.43283582,6.446620961,6.273283582,1.370836315,8.032686567,5.18281563,3.328358209,2.433522474,9.597014925,5.260553576,15.55223881,7.897257378,14.55223881,7.897257378,0.853880597,0.12796869,5.228358209,3.970668802,73.49402985,26.7149064,11.87656716,5.742687382,10.49253731,7.831591467,10.69641791,7.14493364,7.135223881,4.532614599,4.642238806,3.12408593,Human,0
83585169,81.6754386,37.96893828,57.57017544,28.55157515,5.48245614,3.098478563,12.86842105,7.651984215,13.77192982,7.65716622,6.051403509,1.631454457,8.225964912,5.215750223,3.535087719,2.005167992,11.11403509,7.158308597,17.26315789,9.256626485,16.26315789,9.256626485,0.868508772,0.136460472,5.620175439,4.871618122,71.37333333,36.21619863,12.2827193,9.937811744,11.21491228,12.98747867,10.42526316,9.379872274,6.645350877,4.056595492,4.53877193,3.013586236,Human,0
84224606,83.28846154,30.80355657,59.78846154,22.51780196,4.653846154,2.834435335,12.75,5.639404633,13.73076923,5.619729615,6.34,1.10566548,7.623269231,4.171343964,3.134615385,1.698742138,10.23076923,4.948252934,16.63461538,6.507477492,15.63461538,6.507477492,0.882307692,0.108868576,5.676923077,3.693373244,70.75692308,27.482414,10.20865385,3.201219136,8.840384615,5.283765397,9.638461538,5.23247639,6.846923077,3.878539841,4.604230769,2.569043781,Human,0
84464758,91.21428571,38.83183262,63.04285714,27.92461061,6.785714286,4.901582418,12.61428571,6.674670366,13.44285714,6.576224958,7.355714286,2.232544718,10.64057143,5.979849947,2.757142857,1.974376678,9.671428571,6.711868866,16.65714286,8.090357072,15.65714286,8.090357072,0.852714286,0.144794647,8.685714286,6.721676783,51.29057143,51.5545746,16.22614286,9.466855005,17.61,15.39498202,17.07971429,13.53072503,9.89,6.356852096,5.807142857,3.711361376,Human,0
84482024,107.1485149,30.00342757,72.10891089,21.71457556,6.376237624,2.532370568,15.2970297,5.438303016,15.94059406,5.294910282,8.148217822,1.586313614,8.414851485,4.303966767,2.207920792,1.14595139,11.02970297,4.523766602,20.00990099,6.290799583,19.00990099,6.290799583,0.69029703,0.174017499,6.642574257,4.524287516,63.33069307,32.96669154,12.68326733,6.456637863,13.32277228,10.84360359,14.37792079,9.925742142,7.985544554,4.808670279,4.684950495,2.974623905,Human,0
84536856,106.1176471,31.34479164,72.21568627,23.95528001,5.980392157,3.545171785,17.56862745,5.808225749,17.90196078,5.712919318,6.238431373,1.138179442,10.73019608,4.439863313,3.588235294,2.583328683,10.62745098,6.389208992,21.21568627,6.768768317,20.21568627,6.768768317,0.827058824,0.125359,5.709803922,3.060517379,74.56980392,18.08435956,10.5954902,3.266395335,8.284313725,4.465307338,8.790980392,4.093383592,7.414509804,3.425728669,5.910196078,3.419050717,Human,0
85058609,54.10638298,32.77793371,33.89361702,24.07632725,7.085106383,3.49972514,6.680851064,6.253871594,7.063829787,5.658374533,3.972553191,2.505257848,5.946808511,4.509132627,3.659574468,2.643954129,4.85106383,4.589436175,10.21276596,7.789617122,9.212765957,7.789617122,0.855744681,0.168532397,10.5893617,11.77055891,29.87510638,88.17385676,28.96489362,21.65605943,31.04893617,29.59822358,22.50085106,18.59866969,10.03212766,11.70232073,3.095744681,3.140527632,Human,0
85067793,90.78350515,39.41301967,57.32989691,27.59789386,8.278350515,4.917342061,13.78350515,7.002542696,14.39175258,6.932006599,5.479381443,1.431663163,8.829896907,5.186868132,5.226804124,3.234814339,10.28865979,5.942956956,19.15463918,8.98720764,18.15463918,8.98720764,0.824123711,0.132180387,5.379381443,4.213036668,72.36670103,30.26449438,12.51474227,8.234112987,11.09896907,11.08472986,10.17773196,8.530583972,6.776907216,4.115279891,4.518969072,3.01680123,Human,0
85193539,57.94326241,36.61642716,37.53191489,24.11425322,6.219858156,11.29117662,7.617021277,5.891043297,8.241134752,5.814997374,6.332340426,2.079371031,6.467659574,4.864874629,3.581560284,10.81380522,5.723404255,4.81001671,11.73049645,12.35920964,10.74468085,12.34630576,0.86035461,0.179176253,8.19858156,5.940532557,49.07404255,45.41982713,17.27248227,8.38277719,19.46524823,29.39420743,15.13092199,12.99314281,8.801914894,7.374437246,3.888297872,3.055112204,Human,0
85203320,80.60526316,41.67009497,55.15789474,29.13115501,6.087719298,4.333794989,11.06140351,7.333275623,11.84210526,7.225174007,6.735087719,1.838030146,7.384561404,4.943815229,3.368421053,2.613269639,8.385964912,6.305815712,14.87719298,8.951271938,13.87719298,8.951271938,0.872368421,0.123553402,8.054385965,5.856247831,53.02552632,43.60679878,14.93719298,7.75426555,15.09473684,12.110622,14.73596491,10.07452787,9.099912281,7.238833808,4.785087719,3.323784898,Human,0
85677419,85.93181818,33.42363371,53.96969697,24.08977508,11.57575758,6.587547035,10.78787879,4.895932608,11.71969697,4.930293485,6.018636364,1.546883364,6.795757576,4.134395841,6.007575758,4.298513154,7.75,4.656984003,18.31818182,7.727673786,17.31818182,7.727673786,0.765984848,0.180910407,7.587878788,4.07917903,54.82886364,29.73058062,16.81242424,5.976533545,17.625,10.02220546,15.46295455,8.464799371,6.849393939,4.099471096,4.626287879,2.532582047,Human,0
85782515,48.58571429,35.84908561,31.68571429,24.67245014,3.614285714,3.415480962,7.042857143,5.775405278,7.842857143,5.741168906,6.001285714,2.092689262,6.791142857,4.941832379,1.971428571,1.985457332,5.357142857,4.607558121,9.185714286,7.117970933,8.242857143,7.047665701,0.924,0.117051881,6.062857143,10.09464032,63.61428571,73.60867213,14.80528571,9.998539282,11.41714286,15.58959334,8.621285714,13.39660095,7.723857143,9.189106173,3.257142857,3.081619307,Human,0
85826876,56.06666667,32.16305679,37.7,23.45584504,4.333333333,3.636237372,8.033333333,5.88774622,8.75,5.849857548,6.751,2.092783394,6.027666667,4.402820447,2.35,3.37058353,6.05,5.028004906,11.1,7.540335978,10.1,7.540335978,0.834333333,0.182750893,7.101666667,5.781017548,56.27133333,41.93271398,11.522,5.246997173,11.13,8.375665148,10.5975,9.40842063,8.2675,6.113776963,3.577833333,2.781517626,Human,0
85841150,53.09302326,33.54123734,37.76744186,24.83418238,3.255813953,4.472619664,8.046511628,5.460017414,8.88372093,5.499299331,5.746744186,2.257900569,8.222790698,5.072857699,1.674418605,2.042808489,7.627906977,5.835031559,10.18604651,6.76604317,9.186046512,6.76604317,0.905116279,0.150539682,5.281395349,5.792266529,71.53790698,40.80724397,12.4327907,7.549869343,8.73255814,11.15152969,8.41744186,9.290705556,7.447674419,6.724760508,3.912790698,2.832475559,Human,0
86303760,101.2307692,33.11708951,71.43589744,30.1974654,9.102564103,12.71339869,16.51282051,6.830819281,17.28205128,6.740420431,5.67974359,1.49450873,10.99820513,5.921452469,7.615384615,12.26547246,15.64102564,8.582890492,23.05128205,12.23058109,22.05128205,12.23058109,0.705128205,0.221369534,4.653846154,3.347930563,80.91615385,21.13225468,10.49461538,5.589967591,17.68205128,53.78783997,7.256923077,9.65487552,6.884871795,3.54226776,5.392307692,2.871161171,Human,0
86432824,104.7272727,33.51279514,72.5,25.46075411,7.795454545,3.702453397,14.97727273,6.531353181,15.75,6.609652033,6.964090909,1.782717943,10.00113636,6.582100458,4.409090909,2.461689939,11.84090909,7.019269522,21.22727273,7.660001295,20.22727273,7.660001295,0.794318182,0.123424576,8.027272727,4.938363901,58.65340909,36.89223243,12.93545455,6.048979424,13.98181818,8.448568268,13.43795455,7.587052242,10.18931818,4.644543914,6.581590909,3.844853079,Human,0
86565348,52.1627907,34.04506605,35.46511628,21.41326348,3.627906977,3.976812185,6.837209302,5.356718158,7.627906977,5.309155128,6.676511628,2.598898589,6.600697674,4.282204602,1.372093023,1.765604921,5.627906977,4.575075324,9.209302326,7.105707302,8.209302326,7.105707302,0.872093023,0.146439259,6.830232558,5.579177854,58.36604651,41.15435551,13.47116279,6.938809029,13.3,11.57599762,12.77162791,11.76584788,7.843488372,7.837863046,3.639534884,3.059156255,Human,0
86805382,78.5,42.53606313,47.71666667,26.03849181,7.283333333,5.680644525,10.58333333,6.649039195,11.16666667,6.374863833,5.921333333,2.077190785,7.862833333,5.382019166,3.383333333,2.702416614,6.116666667,4.60829566,15.1,8.949301649,14.1,8.949301649,0.843,0.142270868,6.465,4.439024855,64.12316667,30.47385915,15.281,5.902147829,13.15666667,8.135792661,12.75383333,7.967839961,8.032666667,5.28391328,4.710333333,3.908079224,Human,0
86878205,93.14893617,39.74170794,63.61702128,29.5912244,6.85106383,4.222426062,12.95744681,7.127881864,13.82978723,7.120002238,6.548723404,1.731506068,8.558510638,4.906541434,3.446808511,2.447825875,10,6.14713218,17.5106383,8.322929978,16.5106383,8.322929978,0.830851064,0.123285343,7.491489362,4.476930454,58.14191489,33.85506415,15.75042553,8.276947982,15.4212766,12.33488283,15.30468085,10.91716116,8.343617021,5.71424626,5.065744681,3.3096961,Human,0
87041753,93.7,40.36037661,64.075,29.26464377,7.775,4.606991969,12.3,6.261788882,13.275,6.268921359,6.18925,1.752902432,9.321,5.363916386,3.625,2.436057265,9.875,5.459796242,17.8,8.155366331,16.8,8.155366331,0.79275,0.15086397,7.3825,5.61034257,60.40675,38.47435882,14.62125,6.735651857,14.7525,11.71573701,14.797,11.4324545,8.921,6.115028127,5.90425,3.712260017,Human,0
87334609,95.08571429,34.95197093,63.77142857,26.11267058,7.866666667,7.508809641,14.27619048,8.767358551,14.15238095,6.352773601,6.413904762,1.497108003,8.232857143,5.504776924,4.180952381,4.712255455,9.923809524,5.691589849,19.23809524,9.23711335,18.23809524,9.23711335,0.814571429,0.154901066,6.595238095,3.270048229,64.7847619,22.79015143,12.2407619,4.717564887,14.01142857,15.59647893,12.64228571,6.568876581,8.025047619,4.165245805,5.262095238,3.379280198,Human,0
88101280,78.05,33.63179299,51.15,24.46686535,6.85,3.876531955,10.15,5.359804101,10.975,5.470317632,6.519,1.214371854,6.8275,4.52629139,3.825,2.365243116,6.375,4.948168853,14.825,6.655401941,13.825,6.655401941,0.81575,0.109838233,6.9425,3.757185616,59.54975,25.62322828,13.9975,5.949592738,14.125,7.205579435,13.9425,7.136336858,8.76775,4.706710363,4.622,3.111024912,Human,0
88243642,71.125,38.37328986,50.175,27.97399462,5.275,3.701266675,10.825,7.710017834,11.425,7.667749018,6.991,2.482020145,9.76675,6.418864147,2.775,2.524752463,9.825,7.572606883,14.45,9.219408875,13.45,9.219408875,0.788,0.180321934,8.0325,6.788165713,54.02475,51.90542534,13.99875,6.325393343,15.4525,12.71186429,13.48475,12.23043539,11.1855,8.736170772,5.10425,3.718481469,Human,0
88345204,57.52941176,42.96161211,38,28.15990753,3.490196078,4.150939176,8.921568627,7.972607853,9.490196078,7.04710356,6.257058824,1.866938664,7.565294118,5.881312163,1.745098039,1.968807116,6.37254902,5.372262766,11.2745098,9.628549117,10.33333333,9.562317109,0.899019608,0.140269417,6.541176471,12.30404328,62.55960784,89.83316742,11.35490196,5.191570608,8.570588235,8.360159819,7.455686275,7.648193239,8.730980392,9.075894653,4.065294118,3.866577426,Human,0
88515231,76.37735849,39.53895925,55.22641509,29.86487904,4.226415094,2.574486646,10.96226415,7.29425275,11.90566038,7.279498612,7.241698113,1.825110734,6.213773585,3.519855929,2.509433962,1.776392799,8.660377358,6.762670557,14.54716981,8.943356421,13.54716981,8.943356421,0.866037736,0.121536385,6.324528302,4.427610866,62.66886792,32.80458031,11.74943396,4.495759602,10.89811321,6.373929524,12.26660377,6.611411788,8.708867925,4.838859471,3.647169811,2.158662564,Human,0
88640630,99.65217391,36.01824259,74.15217391,27.86455391,5.173913043,1.970481599,15.08695652,6.583332336,15.91304348,6.513618132,6.915,1.165792789,7.541521739,3.538122179,3.608695652,1.799495834,12.84782609,6.258793436,19.80434783,7.730851703,18.80434783,7.730851703,0.808043478,0.143309024,6.306521739,3.701785831,65.16043478,27.30173692,9.855217391,4.009727161,9.308695652,5.491290578,10.42043478,5.515579104,8.837608696,5.289591989,4.47,2.348700843,Human,0
89699349,65.05882353,32.87254756,43.05882353,24.3466886,4.843137255,4.398629684,8.960784314,5.940755825,9.568627451,5.781155668,7.26,2.211565855,7.920588235,5.374324732,2.666666667,3.622731429,5.764705882,4.901333293,12.41176471,7.236011442,11.41176471,7.236011442,0.85254902,0.152878821,9.662745098,6.974658915,40.95647059,53.74868282,14.79901961,4.617601557,16.13137255,15.03671963,15.04176471,11.11680969,11.34490196,7.996231802,4.780980392,3.406704609,Human,0
90229508,71.24390244,39.57997799,49.12195122,29.29512997,5.170731707,3.370622285,10.14634146,6.553944914,10.90243902,6.25399337,6.244146341,1.676594946,8.280487805,5.745157007,2.87804878,2.265274677,7.414634146,5.249741502,13.73170732,7.768053372,12.73170732,7.768053372,0.887804878,0.136104554,7.148780488,6.013485737,60.50292683,43.94524743,18.47731707,9.03354859,13.3097561,13.0340044,12.23926829,9.855846449,9.75195122,7.256396411,5.097560976,3.433105528,Human,0
91086879,114.125,29.72640871,71.975,27.65997786,13.375,21.86399723,17.6,6.476109943,17.725,6.244947958,6.098,1.422986648,12.39625,6.832695181,9.825,21.60773878,10.475,6.268921359,26.275,19.67865277,25.275,19.67865277,0.79175,0.230118312,8.98,3.415567303,53.854,22.44167026,15.31425,4.156235007,23.4125,40.54664713,13.23875,7.129329978,10.41825,3.566020112,8.73875,4.511474364,Human,0
91101811,74.51388889,40.74854907,49.65277778,29.16721891,8.222222222,9.92362812,9.777777778,6.642084308,10.45833333,6.576341224,6.39375,2.348217668,8.273888889,5.696231833,5.847222222,9.837089286,7.027777778,5.066151899,14.48611111,11.80041555,13.48611111,11.80041555,0.842916667,0.189659325,9.102777778,6.930467601,43.86375,50.9150136,18.41,6.860120666,19.85694444,21.33378142,15.03166667,11.61780076,8.142916667,5.412144891,4.654583333,3.443016659,Human,0
91287122,65.6,40.45355361,44.85,31.34928229,8.2,10.50285675,8.725,5.911799641,9.725,5.911799641,5.76875,1.768059936,9.4265,6.149730705,6.075,10.33292674,7.225,5.632439525,13.725,11.03627541,12.75,11.00624823,0.82275,0.240634448,6.355,6.21083529,65.78525,39.87204108,16.5425,6.553605401,15.42,14.82752845,9.90125,9.290867071,7.40675,5.934584395,5.1125,4.285859745,Human,0
91752355,71.89516129,37.01151053,48.84677419,26.64644392,6.677419355,4.606356735,9.89516129,6.270538574,10.03225806,5.833628158,5.775725806,1.75537937,5.957258065,4.168086576,4.330645161,3.315948203,7.169354839,5.092248654,13.77419355,8.290918769,12.77419355,8.290918769,0.843225806,0.160942528,7.483064516,4.677584188,54.43330645,34.39728425,14.73903226,7.380644742,14.02741935,8.698362274,13.44830645,8.340101794,8.203790323,6.403270534,4.091854839,2.600713105,Human,0
91823642,68.95726496,30.65451074,47.64102564,23.5845312,5.512820513,3.531580079,10.15384615,6.345622873,10.76923077,6.20226677,6.42025641,2.936822651,8.867606838,5.879710099,3.376068376,2.086695731,8.393162393,5.938369031,13.46153846,6.936264742,12.46153846,6.936264742,0.873162393,0.127458051,8.746153846,6.17104541,49.36948718,47.13068436,20.30247863,7.450951744,15.54957265,16.49650377,14.12188034,15.28508333,10.06273504,7.683142344,5.444444444,3.688671371,Human,0
91941346,63.65853659,32.46582425,45.95121951,24.48190095,2.756097561,2.457248985,10.58536585,7.105393382,11.51219512,7.160603433,6.866097561,2.431701079,9.12195122,5.914822728,1.780487805,1.732222527,9.146341463,6.9054979,12.65853659,7.794963215,11.65853659,7.794963215,0.885121951,0.138107804,5.934146341,4.951945159,69.42609756,38.53722223,10.89536585,5.990069464,10.53170732,11.92968094,10.4195122,10.9561436,9.488536585,7.267074951,4.705365854,3.478390501,Human,0
92855492,73.24390244,44.12967614,47.07317073,31.35546807,8.219512195,11.81774646,10.47560976,7.263718073,10.87804878,7.2370831,5.847804878,2.474717537,7.751585366,6.272073308,5.43902439,10.99789066,7.536585366,6.219942596,15.85365854,12.57671285,14.85365854,12.57671285,0.809512195,0.223704413,7.953658537,8.825589114,52.61609756,64.22774696,15.80621951,10.93976063,17.68536585,25.04564673,12.96780488,15.45401606,8.884756098,7.638907505,4.723536585,3.525796008,Human,0
92999280,70.92857143,40.51889204,46.29464286,29.1656716,7.491071429,13.19361015,9.6875,6.478027767,10.42857143,6.441653356,6.749732143,2.425683799,8.631071429,5.377138504,4.732142857,12.65121546,7,5.223572943,14.73214286,13.68000505,13.73214286,13.68000505,0.857053571,0.201559272,7.571428571,8.211679711,55.22910714,60.32310785,16.45035714,10.14052759,22.94107143,51.03446936,14.30642857,11.39670393,9.874821429,8.440627619,4.677857143,3.438429726,Human,0
93127862,87.52083333,38.59295574,63.33333333,28.70491634,5.5,3.034523576,12.04166667,6.367097499,13,6.432340165,7.187708333,1.75642658,9.993125,6.087768528,2.708333333,1.881470317,10.3125,5.646371438,15.60416667,7.493718434,14.60416667,7.493718434,0.882916667,0.11116726,7.995833333,6.375374444,55.97604167,47.2562971,13.12395833,4.081044464,13.60833333,9.200358538,13.91916667,8.428537544,9.413125,6.111649108,5.550416667,3.730963883,Human,0
93499764,47.84615385,31.92341674,33.17948718,23.88419904,3.128205128,2.883903046,7.846153846,5.84210386,8.512820513,5.982332085,5.815897436,2.338844464,7.049230769,4.437823667,1.743589744,2.096614471,6.794871795,5.435776486,9.41025641,6.818970329,8.41025641,6.818970329,0.935641026,0.129075507,4.156410256,4.999322768,76.80974359,37.72020267,12.34,6.120051114,7.78974359,11.2572437,6.881794872,9.510867703,7.075128205,7.296789906,2.893333333,2.099444778,Human,0
93629172,91.5,33.9937278,60.20588235,23.77131169,6.176470588,3.100954201,13.98529412,6.091200613,14.97058824,6.106820171,6.5225,1.815430086,9.894705882,5.212755416,3.382352941,2.022152404,10.35294118,5.092568709,18.86764706,7.085412545,17.86764706,7.085412545,0.851764706,0.106203761,6.567647059,3.117004651,70.65014706,22.09643833,10.99617647,2.895783461,11.22647059,5.025394853,10.82102941,5.06994899,9.129705882,3.656601593,6.841911765,3.487279092,Human,0
93821152,89.61165049,39.95682938,61.42718447,30.94360732,6.854368932,4.065979544,13.29126214,7.285616989,13.91262136,7.268908114,5.921747573,1.778114212,8.859902913,5.545718981,3.980582524,2.11779599,10.81553398,6.950235831,17.73786408,9.099195702,16.73786408,9.099195702,0.846213592,0.162678529,7.618446602,4.972658205,58.84980583,36.5367955,13.64213592,7.01119059,12.99902913,9.583455557,12.05776699,9.187085483,8.040776699,4.792392979,5.626990291,3.777123227,Human,0
93880467,109.1666667,33.0330222,78.41666667,25.44097199,6.1875,3.4680461,17.79166667,6.573172539,18.58333333,6.679674809,5.748958333,1.152233772,10.76125,5.878429008,4.3125,2.012008221,15.64583333,6.756137899,22.8125,7.910057548,21.8125,7.910057548,0.826458333,0.117747781,6.316666667,4.014470354,71.34583333,26.95403231,11.4975,4.955389532,9.379166667,8.030306095,8.411666667,8.479391029,7.752708333,4.044377651,6.364375,3.938221842,Human,0
93941188,71.80701754,34.64098505,39.69298246,27.88419888,15.04385965,22.38670907,10.73684211,6.998812721,11.14035088,6.633087176,6.237894737,2.815033724,6.598859649,5.205401506,12.30701754,21.99725948,6.026315789,5.997748885,21.14912281,20.33328981,20.15789474,20.32437779,0.727280702,0.340168392,7.229824561,8.626010542,55.30675439,62.16781311,15.63578947,11.17802166,40.80877193,77.54743151,13.81008772,15.35867824,10.18877193,9.752039925,5.171754386,3.487435152,Human,0
94735361,80.83673469,39.87754058,26.66326531,31.2223572,34.98979592,33.63474118,12.70408163,7.020682541,13.16326531,6.82386849,4.927142857,3.13351436,4.381836735,5.465715657,32.74489796,33.59583041,3.693877551,5.453716507,39.08163265,30.35627678,38.08163265,30.35627678,0.413571429,0.414143448,4.029591837,11.23191707,74.88204082,78.24811411,16.53163265,13.32257143,87.93979592,125.4448686,4.696530612,19.21436288,6.432040816,9.355639351,5.897959184,3.556726298,Human,0
95114532,83.04166667,39.69412128,58.52083333,29.54586095,6.041666667,3.214280203,11.6875,7.402579083,12.20833333,7.446918639,6.818958333,1.637302456,7.585,4.316895103,3.125,1.72753437,8.875,6.710144683,16.1875,8.681052764,15.1875,8.681052764,0.85375,0.125010416,7.5875,6.733239222,55.92208333,49.69927108,13.52083333,6.678259452,14.98958333,13.17360428,14.66416667,11.85496447,10.63583333,9.127211794,4.75,3.468641064,Human,0
95129903,84.34146341,39.12058267,59.24390244,28.84337899,6.024390244,3.467534479,12.09756098,6.976633048,12.17073171,6.91023433,6.786585366,1.625901041,9.227560976,5.552819007,3.048780488,2.117882278,8.902439024,6.007332422,16.41463415,7.749038051,15.41463415,7.749038051,0.820487805,0.155060196,6.446341463,4.190878455,64.57853659,29.03511999,12.83121951,4.118165703,12.73658537,8.243985423,12.73536585,8.322952131,8.237804878,4.470514518,4.879756098,3.350151426,Human,0
95463236,62.64556962,36.8805935,45.25316456,26.40793339,3.911392405,9.742494513,9.594936709,6.206405404,10.40506329,6.190067559,6.169113924,2.276260641,9.057848101,5.244491425,2.708860759,8.920396056,8.278481013,5.474767688,12.36708861,11.1901598,11.37974684,11.1767206,0.872151899,0.19130247,6.635443038,4.540535795,63.37632911,31.7629406,16.60721519,5.411460164,11.36202532,19.22297086,10.22025316,12.4959016,8.320126582,4.75758701,4.857594937,3.50309166,Human,0
95748016,55.05,36.15172887,40.5,28.88252067,2.1,2.022374842,8.625,6.044367213,9.275,6.300744004,6.3075,2.01901554,8.52075,5.611041965,1.3,1.503329638,7.525,6.442000854,10.1,7.53923073,9.1,7.53923073,0.8875,0.15488302,5.595,4.616489467,70.06625,29.16259365,14.2295,5.171958502,8.3,8.38528473,8.60725,8.928360988,7.73675,5.407975771,4.425,3.862156134,Human,0
95754584,42.47524752,28.7380088,27.14851485,19.5794326,2.722772277,3.763079663,6.396039604,5.221962773,6.584158416,5.136295477,6.737821782,2.506087481,5.98019802,4.443103674,1.534653465,2.352855255,4.722772277,4.694886226,7.544554455,6.836889966,6.584158416,6.795845159,0.902178218,0.168966597,5.379207921,6.598204329,66.75217822,47.39778417,13.89821782,7.692907547,11.91683168,13.74872141,10.85148515,12.11807294,7.66990099,7.833467107,2.683663366,2.529061471,Human,0
96297290,55.625,33.09508083,39.3,23.52998088,2.9,4.253234064,8.425,5.611984943,8.975,5.720522266,6.27325,1.833626717,7.2875,3.581004573,1.525,2.121173025,6.925,5.623110794,10.275,7.14138467,9.275,7.14138467,0.90425,0.149179213,6.385,4.766578962,63.014,35.51604164,12.342,5.546846041,8.62,9.442012497,9.52475,9.9486587,8.462,5.927305965,3.93125,2.217816705,Human,0
96319587,71.26829268,36.80249929,47.54471545,26.09932623,5.414634146,5.238889644,9.837398374,5.807724018,10.67479675,5.724708868,6.58699187,1.658191754,8.916747967,5.000319583,2.601626016,2.934903047,7.593495935,5.308127529,13.1300813,7.870867711,12.13821138,7.857806644,0.88203252,0.136857646,6.633333333,4.78674774,63.06869919,33.50178376,13.42178862,6.71136968,12.36829268,9.614372008,12.41869919,9.497757883,7.999593496,5.462333758,4.758130081,3.201393078,Human,0
